"Date","Price","Open","High","Low","Vol.","Change"
"Sep 28, 2018","1,154.39","1,154.67","1,160.71","1,150.75","-","1.05%"
"Sep 27, 2018","1,142.37","1,152.71","1,157.51","1,142.30","-","-1.05%"
"Sep 26, 2018","1,154.47","1,150.66","1,154.78","1,146.12","-","-0.29%"
"Sep 25, 2018","1,157.77","1,149.10","1,157.77","1,146.92","-","0.89%"
"Sep 21, 2018","1,147.51","1,145.30","1,150.03","1,143.41","-","0.83%"
"Sep 20, 2018","1,138.07","1,141.93","1,142.61","1,134.24","-","0.17%"
"Sep 19, 2018","1,136.11","1,134.86","1,141.63","1,133.38","-","1.48%"
"Sep 18, 2018","1,119.58","1,099.63","1,121.88","1,099.63","-","1.63%"
"Sep 14, 2018","1,101.62","1,097.04","1,102.00","1,095.97","-","1.11%"
"Sep 13, 2018","1,089.53","1,079.66","1,092.71","1,078.92","-","1.24%"
"Sep 12, 2018","1,076.21","1,081.56","1,082.28","1,073.05","-","-0.31%"
"Sep 11, 2018","1,079.54","1,072.76","1,080.12","1,072.09","-","0.88%"
"Sep 10, 2018","1,070.11","1,064.95","1,073.00","1,064.78","-","0.26%"
"Sep 07, 2018","1,067.37","1,067.78","1,068.91","1,060.98","-","-0.41%"
"Sep 06, 2018","1,071.77","1,073.81","1,075.92","1,070.59","-","-0.65%"
"Sep 05, 2018","1,078.83","1,085.31","1,085.71","1,076.91","-","-0.93%"
"Sep 04, 2018","1,088.91","1,091.14","1,092.73","1,086.68","-","-0.22%"
"Sep 03, 2018","1,091.27","1,096.02","1,096.54","1,089.41","-","-0.78%"
"Aug 31, 2018","1,099.90","1,096.56","1,102.22","1,095.14","-","-0.31%"
"Aug 30, 2018","1,103.29","1,110.59","1,111.41","1,102.05","-","-0.24%"
"Aug 29, 2018","1,105.93","1,102.85","1,109.38","1,102.58","-","0.36%"
"Aug 28, 2018","1,101.99","1,106.73","1,109.91","1,101.99","-","0.27%"
"Aug 27, 2018","1,099.04","1,092.06","1,100.84","1,091.55","-","1.05%"
"Aug 24, 2018","1,087.65","1,085.82","1,087.81","1,082.79","-","0.57%"
"Aug 23, 2018","1,081.45","1,083.69","1,085.09","1,080.14","-","-0.14%"
"Aug 22, 2018","1,082.92","1,075.24","1,085.10","1,074.01","-","0.71%"
"Aug 21, 2018","1,075.24","1,078.55","1,082.26","1,074.30","-","-0.54%"
"Aug 20, 2018","1,081.13","1,078.56","1,082.36","1,078.03","-","-0.17%"
"Aug 17, 2018","1,082.92","1,083.86","1,085.43","1,080.49","-","0.53%"
"Aug 16, 2018","1,077.22","1,071.53","1,080.59","1,063.06","-","-0.39%"
"Aug 15, 2018","1,081.49","1,090.33","1,091.32","1,076.69","-","-0.61%"
"Aug 14, 2018","1,088.15","1,078.26","1,088.26","1,076.70","-","1.59%"
"Aug 13, 2018","1,071.07","1,084.30","1,084.30","1,069.93","-","-1.98%"
"Aug 10, 2018","1,092.65","1,105.52","1,105.52","1,092.02","-","-1.26%"
"Aug 09, 2018","1,106.54","1,106.24","1,108.73","1,102.10","-","-0.27%"
"Aug 08, 2018","1,109.55","1,111.72","1,117.25","1,108.24","-","0.05%"
"Aug 07, 2018","1,108.99","1,100.27","1,108.99","1,099.90","-","0.92%"
"Aug 06, 2018","1,098.87","1,103.80","1,107.38","1,097.82","-","-0.35%"
"Aug 03, 2018","1,102.70","1,110.32","1,110.79","1,101.43","-","-0.39%"
"Aug 02, 2018","1,106.98","1,117.13","1,120.39","1,105.23","-","-0.99%"
"Aug 01, 2018","1,118.04","1,111.75","1,119.91","1,110.04","-","1.24%"
"Jul 31, 2018","1,104.36","1,112.40","1,115.43","1,103.38","-","-0.88%"
"Jul 30, 2018","1,114.17","1,115.85","1,117.23","1,111.64","-","-0.40%"
"Jul 27, 2018","1,118.70","1,115.20","1,118.70","1,113.84","-","0.54%"
"Jul 26, 2018","1,112.72","1,116.49","1,116.50","1,111.33","-","0.41%"
"Jul 25, 2018","1,108.21","1,107.00","1,111.69","1,107.00","-","0.43%"
"Jul 24, 2018","1,103.43","1,104.75","1,106.18","1,100.89","-","0.45%"
"Jul 23, 2018","1,098.45","1,097.13","1,104.95","1,096.87","-","-0.41%"
"Jul 20, 2018","1,102.96","1,104.59","1,110.02","1,097.21","-","-0.19%"
"Jul 19, 2018","1,105.06","1,106.77","1,111.48","1,103.78","-","0.06%"
"Jul 18, 2018","1,104.43","1,110.67","1,111.47","1,103.40","-","0.32%"
"Jul 17, 2018","1,100.96","1,094.85","1,106.90","1,093.08","-","0.80%"
"Jul 13, 2018","1,092.23","1,085.52","1,095.12","1,084.14","-","1.24%"
"Jul 12, 2018","1,078.85","1,076.69","1,082.49","1,075.64","-","0.57%"
"Jul 11, 2018","1,072.69","1,073.75","1,075.26","1,064.30","-","-0.81%"
"Jul 10, 2018","1,081.42","1,085.18","1,090.38","1,081.42","-","0.43%"
"Jul 09, 2018","1,076.84","1,067.15","1,078.21","1,066.43","-","1.18%"
"Jul 06, 2018","1,064.29","1,060.55","1,068.18","1,060.24","-","0.90%"
"Jul 05, 2018","1,054.76","1,061.23","1,062.63","1,052.13","-","-0.78%"
"Jul 04, 2018","1,063.00","1,060.77","1,066.24","1,057.04","-","-0.01%"
"Jul 03, 2018","1,063.06","1,066.36","1,068.37","1,054.80","-","0.04%"
"Jul 02, 2018","1,062.60","1,079.03","1,082.83","1,061.73","-","-1.82%"
"Jun 29, 2018","1,082.26","1,080.59","1,082.29","1,073.66","-","0.24%"
"Jun 28, 2018","1,079.62","1,078.51","1,080.53","1,073.22","-","-0.11%"
"Jun 27, 2018","1,080.85","1,083.18","1,084.65","1,076.88","-","-0.25%"
"Jun 26, 2018","1,083.58","1,076.43","1,085.43","1,072.46","-","0.10%"
"Jun 25, 2018","1,082.48","1,094.20","1,094.41","1,081.25","-","-0.84%"
"Jun 22, 2018","1,091.65","1,085.82","1,092.35","1,084.82","-","-0.56%"
"Jun 21, 2018","1,097.77","1,096.74","1,102.21","1,094.57","-","0.01%"
"Jun 20, 2018","1,097.61","1,092.80","1,099.04","1,083.09","-","0.50%"
"Jun 19, 2018","1,092.12","1,103.94","1,107.11","1,092.12","-","-1.44%"
"Jun 18, 2018","1,108.11","1,114.82","1,114.82","1,103.87","-","-0.94%"
"Jun 15, 2018","1,118.68","1,119.22","1,119.48","1,114.80","-","0.47%"
"Jun 14, 2018","1,113.41","1,118.76","1,120.39","1,113.41","-","-1.04%"
"Jun 13, 2018","1,125.16","1,122.31","1,126.73","1,122.20","-","0.45%"
"Jun 12, 2018","1,120.08","1,126.40","1,128.00","1,117.41","-","0.28%"
"Jun 11, 2018","1,116.92","1,113.52","1,119.55","1,111.73","-","0.26%"
"Jun 08, 2018","1,113.98","1,116.40","1,122.71","1,113.98","-","-0.59%"
"Jun 07, 2018","1,120.55","1,118.23","1,122.18","1,117.68","-","0.74%"
"Jun 06, 2018","1,112.29","1,110.82","1,113.88","1,108.63","-","0.28%"
"Jun 05, 2018","1,109.14","1,111.81","1,114.31","1,107.00","-","0.06%"
"Jun 04, 2018","1,108.47","1,102.79","1,111.00","1,102.44","-","1.39%"
"Jun 01, 2018","1,093.32","1,087.92","1,098.60","1,087.38","-","0.18%"
"May 31, 2018","1,091.35","1,090.53","1,093.60","1,087.01","-","0.65%"
"May 30, 2018","1,084.29","1,084.95","1,086.12","1,080.71","-","-1.46%"
"May 29, 2018","1,100.36","1,102.36","1,103.70","1,096.52","-","-0.40%"
"May 28, 2018","1,104.79","1,105.67","1,108.41","1,101.72","-","-0.09%"
"May 25, 2018","1,105.79","1,103.73","1,107.56","1,102.25","-","-0.23%"
"May 24, 2018","1,108.35","1,118.18","1,118.18","1,105.87","-","-1.33%"
"May 23, 2018","1,123.28","1,128.77","1,132.13","1,120.13","-","-0.84%"
"May 22, 2018","1,132.74","1,133.28","1,134.24","1,130.52","-","-0.18%"
"May 21, 2018","1,134.77","1,136.44","1,138.96","1,134.48","-","-0.16%"
"May 18, 2018","1,136.62","1,135.61","1,137.11","1,132.46","-","0.37%"
"May 17, 2018","1,132.43","1,131.16","1,134.83","1,130.24","-","0.50%"
"May 16, 2018","1,126.79","1,127.23","1,130.45","1,126.18","-","-0.29%"
"May 15, 2018","1,130.08","1,133.18","1,134.64","1,129.53","-","-0.09%"
"May 14, 2018","1,131.12","1,122.44","1,132.06","1,120.75","-","0.75%"
"May 11, 2018","1,122.68","1,115.21","1,123.30","1,115.21","-","0.99%"
"May 10, 2018","1,111.63","1,112.62","1,114.29","1,108.54","-","0.30%"
"May 09, 2018","1,108.28","1,109.92","1,109.96","1,104.99","-","-0.34%"
"May 08, 2018","1,112.08","1,108.59","1,114.61","1,108.12","-","0.34%"
"May 07, 2018","1,108.31","1,109.08","1,109.21","1,102.82","-","0.07%"
"May 02, 2018","1,107.49","1,111.42","1,111.42","1,105.80","-","-0.33%"
"May 01, 2018","1,111.20","1,111.37","1,111.65","1,107.43","-","-0.15%"
"Apr 27, 2018","1,112.84","1,114.98","1,115.82","1,109.42","-","0.23%"
"Apr 26, 2018","1,110.33","1,111.34","1,113.61","1,108.88","-","0.18%"
"Apr 25, 2018","1,108.37","1,103.41","1,109.12","1,100.95","-","-0.16%"
"Apr 24, 2018","1,110.11","1,105.62","1,110.53","1,101.05","-","1.20%"
"Apr 23, 2018","1,096.96","1,097.11","1,100.80","1,096.24","-","0.13%"
"Apr 20, 2018","1,095.52","1,094.58","1,099.20","1,091.84","-","0.04%"
"Apr 19, 2018","1,095.12","1,098.41","1,103.29","1,094.43","-","0.11%"
"Apr 18, 2018","1,093.97","1,085.23","1,095.22","1,085.15","-","0.93%"
"Apr 17, 2018","1,083.91","1,086.12","1,088.36","1,082.00","-","-0.40%"
"Apr 16, 2018","1,088.25","1,086.42","1,089.67","1,084.20","-","0.22%"
"Apr 13, 2018","1,085.84","1,084.82","1,090.61","1,083.66","-","0.65%"
"Apr 12, 2018","1,078.86","1,081.77","1,082.47","1,077.09","-","-0.41%"
"Apr 11, 2018","1,083.34","1,086.18","1,088.97","1,083.34","-","-0.08%"
"Apr 10, 2018","1,084.19","1,076.06","1,091.20","1,073.76","-","0.46%"
"Apr 09, 2018","1,079.24","1,072.57","1,082.52","1,072.57","-","0.48%"
"Apr 06, 2018","1,074.12","1,077.14","1,082.19","1,074.12","-","-0.40%"
"Apr 05, 2018","1,078.39","1,074.61","1,083.61","1,070.36","-","1.15%"
"Apr 04, 2018","1,066.18","1,070.46","1,070.46","1,062.49","-","-0.06%"
"Apr 03, 2018","1,066.79","1,058.77","1,068.87","1,056.49","-","-0.33%"
"Apr 02, 2018","1,070.32","1,075.04","1,080.00","1,070.32","-","-0.40%"
"Mar 30, 2018","1,074.58","1,075.83","1,077.35","1,069.55","-","0.65%"
"Mar 29, 2018","1,067.65","1,076.17","1,076.17","1,058.59","-","-0.04%"
"Mar 28, 2018","1,068.07","1,057.15","1,068.12","1,052.38","-","-1.01%"
"Mar 27, 2018","1,078.92","1,059.86","1,078.92","1,059.03","-","2.69%"
"Mar 26, 2018","1,050.69","1,037.44","1,050.69","1,034.42","-","0.38%"
"Mar 23, 2018","1,046.72","1,064.29","1,064.36","1,044.23","-","-3.47%"
"Mar 22, 2018","1,084.33","1,074.40","1,084.73","1,074.40","-","0.58%"
"Mar 20, 2018","1,078.05","1,073.77","1,078.16","1,069.08","-","-0.19%"
"Mar 19, 2018","1,080.12","1,086.17","1,089.73","1,076.78","-","-0.86%"
"Mar 16, 2018","1,089.54","1,096.12","1,096.12","1,088.14","-","-0.49%"
"Mar 15, 2018","1,094.91","1,089.93","1,095.91","1,086.15","-","0.01%"
"Mar 14, 2018","1,094.83","1,091.92","1,097.00","1,091.52","-","-0.45%"
"Mar 13, 2018","1,099.76","1,091.51","1,099.76","1,088.25","-","0.48%"
"Mar 12, 2018","1,094.55","1,093.10","1,097.76","1,089.42","-","1.63%"
"Mar 09, 2018","1,077.04","1,084.67","1,093.99","1,072.22","-","0.31%"
"Mar 08, 2018","1,073.74","1,079.04","1,079.51","1,070.74","-","0.40%"
"Mar 07, 2018","1,069.41","1,071.39","1,081.93","1,069.09","-","-0.85%"
"Mar 06, 2018","1,078.54","1,084.05","1,088.06","1,077.65","-","1.04%"
"Mar 05, 2018","1,067.41","1,066.56","1,072.49","1,062.57","-","-0.72%"
"Mar 02, 2018","1,075.12","1,077.41","1,079.23","1,069.43","-","-1.82%"
"Mar 01, 2018","1,095.08","1,101.90","1,101.90","1,091.77","-","-1.59%"
"Feb 28, 2018","1,112.72","1,126.32","1,128.68","1,112.72","-","-1.52%"
"Feb 27, 2018","1,129.92","1,128.72","1,133.63","1,126.66","-","1.03%"
"Feb 26, 2018","1,118.37","1,116.89","1,121.04","1,115.07","-","0.90%"
"Feb 23, 2018","1,108.35","1,101.23","1,108.56","1,099.30","-","0.85%"
"Feb 22, 2018","1,099.02","1,100.94","1,100.98","1,094.09","-","-0.81%"
"Feb 21, 2018","1,107.97","1,111.99","1,114.34","1,102.51","-","-0.24%"
"Feb 20, 2018","1,110.61","1,115.07","1,115.57","1,104.66","-","-0.92%"
"Feb 19, 2018","1,120.97","1,107.53","1,120.97","1,106.33","-","2.02%"
"Feb 16, 2018","1,098.76","1,095.31","1,106.15","1,092.98","-","0.81%"
"Feb 15, 2018","1,089.88","1,089.94","1,095.98","1,085.54","-","1.05%"
"Feb 14, 2018","1,078.58","1,089.21","1,092.89","1,071.97","-","-0.74%"
"Feb 13, 2018","1,086.63","1,106.72","1,106.96","1,084.71","-","-0.93%"
"Feb 09, 2018","1,096.79","1,097.70","1,097.70","1,081.29","-","-1.95%"
"Feb 08, 2018","1,118.64","1,114.34","1,122.47","1,109.65","-","0.93%"
"Feb 07, 2018","1,108.30","1,122.82","1,141.60","1,107.91","-","0.56%"
"Feb 06, 2018","1,102.16","1,125.88","1,126.61","1,079.03","-","-3.97%"
"Feb 05, 2018","1,147.69","1,154.79","1,157.54","1,145.96","-","-1.91%"
"Feb 02, 2018","1,169.98","1,171.98","1,173.06","1,160.22","-","-0.42%"
"Feb 01, 2018","1,174.86","1,162.79","1,175.26","1,160.64","-","1.90%"
"Jan 31, 2018","1,153.00","1,161.02","1,167.83","1,153.00","-","-1.25%"
"Jan 30, 2018","1,167.54","1,181.03","1,181.06","1,164.24","-","-1.19%"
"Jan 29, 2018","1,181.63","1,181.77","1,187.22","1,179.96","-","-0.02%"
"Jan 26, 2018","1,181.91","1,189.48","1,191.44","1,181.50","-","-0.46%"
"Jan 25, 2018","1,187.41","1,187.58","1,192.92","1,185.06","-","-0.87%"
"Jan 24, 2018","1,197.85","1,200.44","1,203.45","1,195.86","-","-0.64%"
"Jan 23, 2018","1,205.58","1,198.08","1,206.09","1,196.75","-","0.99%"
"Jan 22, 2018","1,193.77","1,192.58","1,193.91","1,189.09","-","0.12%"
"Jan 19, 2018","1,192.29","1,189.71","1,192.46","1,187.39","-","0.68%"
"Jan 18, 2018","1,184.29","1,201.65","1,201.65","1,182.46","-","-0.67%"
"Jan 17, 2018","1,192.31","1,187.34","1,193.02","1,186.37","-","-0.13%"
"Jan 16, 2018","1,193.83","1,185.62","1,193.83","1,185.06","-","0.69%"
"Jan 15, 2018","1,185.66","1,188.81","1,191.28","1,184.92","-","0.49%"
"Jan 12, 2018","1,179.87","1,185.60","1,185.68","1,177.46","-","-0.63%"
"Jan 11, 2018","1,187.30","1,184.35","1,187.30","1,180.95","-","-0.23%"
"Jan 10, 2018","1,190.01","1,186.45","1,191.40","1,186.45","-","0.33%"
"Jan 09, 2018","1,186.06","1,191.14","1,191.14","1,182.20","-","0.48%"
"Jan 05, 2018","1,180.41","1,174.27","1,180.69","1,173.80","-","1.02%"
"Jan 04, 2018","1,168.46","1,152.88","1,168.46","1,152.88","-","2.78%"
"Dec 29, 2017","1,136.87","1,140.46","1,142.31","1,136.39","-","-0.12%"
"Dec 28, 2017","1,138.21","1,144.63","1,145.74","1,136.16","-","-0.63%"
"Dec 27, 2017","1,145.42","1,144.44","1,146.96","1,143.74","-","-0.01%"
"Dec 26, 2017","1,145.58","1,148.44","1,149.27","1,144.95","-","-0.33%"
"Dec 25, 2017","1,149.35","1,148.32","1,149.61","1,145.97","-","0.14%"
"Dec 22, 2017","1,147.80","1,144.54","1,148.50","1,143.80","-","0.41%"
"Dec 21, 2017","1,143.15","1,143.52","1,144.75","1,138.17","-","-0.02%"
"Dec 20, 2017","1,143.39","1,139.90","1,143.73","1,139.27","-","0.39%"
"Dec 19, 2017","1,138.97","1,142.46","1,143.37","1,138.73","-","-0.02%"
"Dec 18, 2017","1,139.15","1,130.93","1,139.44","1,130.14","-","1.61%"
"Dec 15, 2017","1,121.07","1,128.26","1,128.78","1,117.93","-","-1.11%"
"Dec 14, 2017","1,133.61","1,136.14","1,137.75","1,130.18","-","-0.45%"
"Dec 13, 2017","1,138.70","1,141.69","1,142.70","1,135.24","-","-0.11%"
"Dec 12, 2017","1,139.93","1,139.33","1,143.52","1,137.30","-","0.13%"
"Dec 11, 2017","1,138.49","1,135.92","1,138.49","1,130.65","-","0.55%"
"Dec 08, 2017","1,132.25","1,119.34","1,132.41","1,119.34","-","1.00%"
"Dec 07, 2017","1,121.06","1,116.01","1,121.86","1,116.01","-","1.03%"
"Dec 06, 2017","1,109.65","1,121.89","1,122.91","1,106.53","-","-1.39%"
"Dec 05, 2017","1,125.25","1,119.83","1,127.73","1,117.81","-","0.14%"
"Dec 04, 2017","1,123.71","1,132.06","1,132.76","1,122.80","-","-0.51%"
"Dec 01, 2017","1,129.51","1,134.52","1,137.00","1,123.34","-","0.32%"
"Nov 30, 2017","1,125.96","1,125.35","1,129.39","1,119.66","-","0.16%"
"Nov 29, 2017","1,124.15","1,123.81","1,125.83","1,121.82","-","0.75%"
"Nov 28, 2017","1,115.77","1,118.49","1,121.85","1,112.73","-","-0.33%"
"Nov 27, 2017","1,119.47","1,126.95","1,126.95","1,117.80","-","-0.17%"
"Nov 24, 2017","1,121.42","1,113.40","1,122.22","1,112.11","-","0.29%"
"Nov 22, 2017","1,118.19","1,121.29","1,124.02","1,117.54","-","0.38%"
"Nov 21, 2017","1,113.98","1,115.29","1,120.37","1,113.94","-","0.64%"
"Nov 20, 2017","1,106.95","1,107.63","1,112.02","1,104.67","-","-0.46%"
"Nov 17, 2017","1,112.12","1,121.45","1,125.30","1,109.14","-","0.00%"
"Nov 16, 2017","1,112.11","1,099.54","1,116.68","1,099.54","-","0.87%"
"Nov 15, 2017","1,102.56","1,116.96","1,116.96","1,100.60","-","-1.88%"
"Nov 14, 2017","1,123.70","1,123.91","1,128.60","1,120.70","-","-0.16%"
"Nov 13, 2017","1,125.45","1,134.69","1,135.40","1,125.45","-","-1.02%"
"Nov 10, 2017","1,137.08","1,131.66","1,139.45","1,129.44","-","-0.68%"
"Nov 09, 2017","1,144.92","1,152.05","1,165.54","1,130.84","-","-0.37%"
"Nov 08, 2017","1,149.18","1,144.28","1,149.20","1,140.63","-","0.25%"
"Nov 07, 2017","1,146.27","1,131.45","1,146.42","1,130.93","-","1.31%"
"Nov 06, 2017","1,131.49","1,134.85","1,135.76","1,125.20","-","-0.04%"
"Nov 02, 2017","1,131.99","1,131.90","1,132.08","1,125.72","-","0.50%"
"Nov 01, 2017","1,126.41","1,117.93","1,128.14","1,117.93","-","1.28%"
"Oct 31, 2017","1,112.18","1,112.23","1,113.98","1,108.21","-","-0.52%"
"Oct 30, 2017","1,118.02","1,117.53","1,120.01","1,112.46","-","0.01%"
"Oct 27, 2017","1,117.96","1,113.72","1,118.47","1,109.63","-","0.97%"
"Oct 26, 2017","1,107.26","1,104.44","1,108.39","1,104.09","-","0.16%"
"Oct 25, 2017","1,105.54","1,112.83","1,113.97","1,102.46","-","-0.19%"
"Oct 24, 2017","1,107.63","1,100.04","1,107.63","1,098.95","-","0.66%"
"Oct 23, 2017","1,100.40","1,102.77","1,102.85","1,098.04","-","0.80%"
"Oct 20, 2017","1,091.65","1,088.23","1,093.02","1,087.71","-","-0.06%"
"Oct 19, 2017","1,092.33","1,093.03","1,094.46","1,089.41","-","0.44%"
"Oct 18, 2017","1,087.50","1,086.72","1,088.71","1,084.53","-","0.24%"
"Oct 17, 2017","1,084.92","1,087.85","1,089.62","1,081.09","-","0.31%"
"Oct 16, 2017","1,081.54","1,076.96","1,085.64","1,076.15","-","0.77%"
"Oct 13, 2017","1,073.23","1,066.58","1,076.78","1,064.91","-","0.51%"
"Oct 12, 2017","1,067.79","1,070.90","1,070.90","1,066.94","-","0.11%"
"Oct 11, 2017","1,066.64","1,064.97","1,067.01","1,063.16","-","0.09%"
"Oct 10, 2017","1,065.69","1,060.48","1,065.69","1,058.45","-","0.28%"
"Oct 06, 2017","1,062.75","1,062.41","1,064.25","1,061.27","-","0.44%"
"Oct 05, 2017","1,058.08","1,060.26","1,060.90","1,057.03","-","-0.10%"
"Oct 04, 2017","1,059.11","1,060.80","1,062.15","1,057.24","-","0.04%"
"Oct 03, 2017","1,058.67","1,055.01","1,059.16","1,052.81","-","0.76%"
"Oct 02, 2017","1,050.67","1,052.85","1,052.89","1,048.93","-","-0.09%"
"Sep 29, 2017","1,051.66","1,049.72","1,051.91","1,047.46","-","-0.06%"
"Sep 28, 2017","1,052.32","1,054.63","1,054.63","1,048.29","-","0.58%"
"Sep 27, 2017","1,046.21","1,045.70","1,047.21","1,043.58","-","-0.60%"
"Sep 26, 2017","1,052.56","1,052.46","1,054.06","1,050.87","-","-0.10%"
"Sep 25, 2017","1,053.59","1,055.45","1,056.49","1,052.23","-","0.39%"
"Sep 22, 2017","1,049.51","1,053.53","1,055.68","1,046.85","-","-0.23%"
"Sep 21, 2017","1,051.93","1,059.31","1,060.18","1,051.93","-","0.08%"
"Sep 20, 2017","1,051.05","1,048.80","1,053.52","1,048.35","-","0.12%"
"Sep 19, 2017","1,049.75","1,040.14","1,050.70","1,039.91","-","2.13%"
"Sep 15, 2017","1,027.86","1,021.54","1,029.88","1,021.25","-","0.43%"
"Sep 14, 2017","1,023.50","1,026.61","1,029.97","1,022.96","-","-0.38%"
"Sep 13, 2017","1,027.38","1,027.56","1,028.88","1,026.17","-","0.60%"
"Sep 12, 2017","1,021.25","1,019.25","1,023.22","1,019.02","-","1.07%"
"Sep 11, 2017","1,010.42","1,008.12","1,014.44","1,006.98","-","1.16%"
"Sep 08, 2017","998.86","1,000.83","1,002.42","997.05","-","-0.32%"
"Sep 07, 2017","1,002.04","1,004.15","1,007.54","1,001.18","-","0.17%"
"Sep 06, 2017","1,000.32","995.97","1,001.34","994.77","-","-0.20%"
"Sep 05, 2017","1,002.29","1,008.55","1,009.11","1,000.95","-","-0.57%"
"Sep 04, 2017","1,008.00","1,012.10","1,013.96","1,006.31","-","-0.77%"
"Sep 01, 2017","1,015.81","1,019.97","1,020.06","1,011.86","-","-0.03%"
"Aug 31, 2017","1,016.12","1,013.20","1,018.43","1,013.20","-","0.73%"
"Aug 30, 2017","1,008.75","1,007.25","1,011.40","1,004.80","-","0.67%"
"Aug 29, 2017","1,002.07","997.33","1,002.52","997.23","-","-0.22%"
"Aug 28, 2017","1,004.29","1,004.93","1,006.73","1,001.75","-","0.14%"
"Aug 25, 2017","1,002.91","1,001.14","1,005.60","1,000.77","-","0.32%"
"Aug 24, 2017","999.71","1,003.03","1,005.81","999.71","-","-0.59%"
"Aug 23, 2017","1,005.64","1,012.27","1,012.43","1,004.53","-","0.29%"
"Aug 22, 2017","1,002.73","1,002.88","1,005.52","1,001.32","-","0.00%"
"Aug 21, 2017","1,002.70","1,006.95","1,006.95","1,001.39","-","-0.29%"
"Aug 18, 2017","1,005.63","1,004.86","1,007.80","1,002.56","-","-1.09%"
"Aug 17, 2017","1,016.74","1,017.37","1,018.89","1,015.72","-","-0.18%"
"Aug 16, 2017","1,018.62","1,019.67","1,021.16","1,017.94","-","-0.04%"
"Aug 15, 2017","1,019.01","1,015.65","1,023.86","1,014.77","-","1.12%"
"Aug 14, 2017","1,007.70","1,010.01","1,012.59","1,006.84","-","-1.17%"
"Aug 10, 2017","1,019.68","1,021.96","1,024.74","1,017.34","-","-0.13%"
"Aug 09, 2017","1,021.02","1,028.33","1,029.73","1,016.41","-","-1.02%"
"Aug 08, 2017","1,031.56","1,034.92","1,035.58","1,029.58","-","-0.25%"
"Aug 07, 2017","1,034.11","1,034.66","1,036.27","1,033.27","-","0.55%"
"Aug 04, 2017","1,028.42","1,027.86","1,029.66","1,026.64","-","-0.32%"
"Aug 03, 2017","1,031.75","1,032.93","1,033.56","1,028.14","-","-0.12%"
"Aug 02, 2017","1,033.00","1,033.61","1,036.58","1,030.21","-","0.43%"
"Aug 01, 2017","1,028.57","1,021.32","1,029.01","1,021.12","-","0.68%"
"Jul 31, 2017","1,021.63","1,020.96","1,025.57","1,019.46","-","-0.03%"
"Jul 28, 2017","1,021.90","1,023.66","1,024.43","1,019.78","-","-0.38%"
"Jul 27, 2017","1,025.77","1,020.27","1,030.91","1,020.00","-","0.51%"
"Jul 26, 2017","1,020.61","1,024.60","1,025.16","1,018.63","-","0.44%"
"Jul 25, 2017","1,016.12","1,017.50","1,020.93","1,016.12","-","-0.20%"
"Jul 24, 2017","1,018.19","1,017.66","1,020.29","1,014.42","-","-0.76%"
"Jul 21, 2017","1,025.97","1,025.90","1,027.08","1,024.77","-","-0.20%"
"Jul 20, 2017","1,028.03","1,023.19","1,029.52","1,021.15","-","0.59%"
"Jul 19, 2017","1,021.97","1,019.41","1,023.10","1,018.05","-","-0.02%"
"Jul 18, 2017","1,022.18","1,022.61","1,023.40","1,016.19","-","-0.30%"
"Jul 14, 2017","1,025.24","1,025.45","1,027.46","1,023.45","-","0.34%"
"Jul 13, 2017","1,021.76","1,026.55","1,027.22","1,020.24","-","-0.14%"
"Jul 12, 2017","1,023.20","1,024.87","1,025.28","1,021.34","-","-0.46%"
"Jul 11, 2017","1,027.95","1,021.59","1,028.48","1,021.23","-","0.62%"
"Jul 10, 2017","1,021.66","1,023.22","1,024.20","1,019.07","-","0.42%"
"Jul 07, 2017","1,017.40","1,014.83","1,021.95","1,014.74","-","-0.43%"
"Jul 06, 2017","1,021.84","1,024.68","1,024.92","1,019.49","-","-0.33%"
"Jul 05, 2017","1,025.26","1,019.69","1,025.33","1,015.54","-","0.53%"
"Jul 04, 2017","1,019.90","1,028.03","1,028.67","1,017.01","-","-0.05%"
"Jul 03, 2017","1,020.45","1,019.38","1,022.24","1,017.48","-","0.18%"
"Jun 30, 2017","1,018.65","1,017.62","1,019.65","1,014.73","-","-0.74%"
"Jun 29, 2017","1,026.23","1,029.33","1,030.46","1,025.23","-","0.54%"
"Jun 28, 2017","1,020.69","1,020.08","1,024.89","1,019.67","-","-0.02%"
"Jun 27, 2017","1,020.86","1,020.09","1,022.13","1,018.91","-","0.48%"
"Jun 26, 2017","1,015.94","1,016.47","1,018.68","1,015.22","-","-0.05%"
"Jun 23, 2017","1,016.46","1,015.36","1,017.44","1,012.97","-","0.14%"
"Jun 22, 2017","1,015.00","1,016.99","1,019.06","1,015.00","-","-0.16%"
"Jun 21, 2017","1,016.60","1,019.83","1,019.83","1,014.86","-","-0.37%"
"Jun 20, 2017","1,020.35","1,023.77","1,027.12","1,020.35","-","0.56%"
"Jun 19, 2017","1,014.71","1,009.95","1,016.23","1,008.70","-","0.51%"
"Jun 16, 2017","1,009.55","1,007.93","1,013.88","1,006.81","-","0.65%"
"Jun 15, 2017","1,003.06","1,002.24","1,010.18","999.49","-","-0.31%"
"Jun 14, 2017","1,006.13","1,011.50","1,011.56","1,006.13","-","-0.18%"
"Jun 13, 2017","1,007.96","1,005.85","1,010.41","1,004.69","-","0.09%"
"Jun 12, 2017","1,007.02","1,005.48","1,010.62","1,004.92","-","0.03%"
"Jun 09, 2017","1,006.75","1,004.06","1,010.46","1,001.52","-","0.31%"
"Jun 08, 2017","1,003.62","1,011.64","1,011.80","1,002.87","-","-0.38%"
"Jun 07, 2017","1,007.46","1,006.29","1,009.31","1,004.58","-","-0.08%"
"Jun 06, 2017","1,008.27","1,013.83","1,016.54","1,007.05","-","-0.75%"
"Jun 05, 2017","1,015.87","1,014.85","1,017.86","1,012.60","-","-0.33%"
"Jun 02, 2017","1,019.23","1,006.16","1,020.22","1,006.16","-","1.85%"
"Jun 01, 2017","1,000.74","992.20","1,002.04","991.98","-","0.94%"
"May 31, 2017","991.46","991.18","992.89","989.25","-","-0.28%"
"May 30, 2017","994.23","992.46","994.56","988.57","-","0.14%"
"May 29, 2017","992.84","993.16","996.44","990.79","-","-0.01%"
"May 26, 2017","992.98","996.87","997.96","992.98","-","-0.47%"
"May 25, 2017","997.68","994.54","1,000.49","993.20","-","0.22%"
"May 24, 2017","995.47","997.22","997.48","992.65","-","0.62%"
"May 23, 2017","989.29","990.36","992.46","988.00","-","-0.27%"
"May 22, 2017","991.99","991.45","993.75","988.79","-","0.57%"
"May 19, 2017","986.41","983.76","988.41","979.74","-","0.53%"
"May 18, 2017","981.24","982.85","984.69","977.30","-","-1.53%"
"May 17, 2017","996.51","997.57","998.45","994.55","-","-0.61%"
"May 16, 2017","1,002.60","1,005.27","1,007.54","1,000.30","-","0.26%"
"May 15, 2017","999.96","995.09","999.96","994.52","-","-0.11%"
"May 12, 2017","1,001.03","1,003.27","1,004.79","996.70","-","-0.46%"
"May 11, 2017","1,005.69","1,005.31","1,006.49","1,001.05","-","0.21%"
"May 10, 2017","1,003.58","1,003.22","1,005.45","1,001.67","-","0.24%"
"May 09, 2017","1,001.22","1,005.05","1,005.14","1,000.33","-","-0.38%"
"May 08, 2017","1,005.01","995.36","1,006.15","995.09","-","2.23%"
"May 02, 2017","983.10","977.98","984.69","977.98","-","0.62%"
"May 01, 2017","977.00","971.38","977.25","970.67","-","0.51%"
"Apr 28, 2017","972.09","975.09","977.08","970.42","-","-0.34%"
"Apr 27, 2017","975.38","973.69","976.95","972.22","-","-0.17%"
"Apr 26, 2017","977.07","972.19","977.07","971.04","-","1.18%"
"Apr 25, 2017","965.65","954.20","967.17","954.20","-","1.14%"
"Apr 24, 2017","954.80","958.14","958.83","953.82","-","0.94%"
"Apr 21, 2017","945.88","944.74","948.02","942.49","-","1.15%"
"Apr 20, 2017","935.13","934.30","940.90","933.47","-","0.19%"
"Apr 19, 2017","933.36","929.61","935.92","929.52","-","-0.13%"
"Apr 18, 2017","934.56","939.07","941.10","933.22","-","0.32%"
"Apr 17, 2017","931.56","924.69","931.64","923.53","-","0.31%"
"Apr 14, 2017","928.65","930.09","931.27","925.97","-","-0.42%"
"Apr 13, 2017","932.55","932.55","934.43","927.13","-","-0.96%"
"Apr 12, 2017","941.63","943.49","943.85","937.03","-","-1.06%"
"Apr 11, 2017","951.75","950.13","952.54","947.06","-","-0.26%"
"Apr 10, 2017","954.19","954.45","956.84","952.40","-","0.66%"
"Apr 07, 2017","947.90","949.09","953.98","941.54","-","0.54%"
"Apr 06, 2017","942.78","950.87","953.67","940.21","-","-1.48%"
"Apr 05, 2017","956.97","960.77","962.58","952.55","-","0.03%"
"Apr 04, 2017","956.66","960.68","961.44","950.91","-","-0.74%"
"Apr 03, 2017","963.77","966.12","968.11","960.60","-","0.09%"
"Mar 31, 2017","962.90","978.43","980.26","962.90","-","-0.99%"
"Mar 30, 2017","972.51","976.74","979.51","971.94","-","-0.75%"
"Mar 29, 2017","979.88","980.91","981.61","977.76","-","-0.19%"
"Mar 28, 2017","981.74","977.58","981.82","976.50","-","1.28%"
"Mar 27, 2017","969.38","972.60","973.51","966.31","-","-1.28%"
"Mar 24, 2017","981.93","973.23","984.13","973.22","-","0.85%"
"Mar 23, 2017","973.70","970.64","974.77","968.48","-","0.11%"
"Mar 22, 2017","972.67","979.70","980.12","972.51","-","-2.25%"
"Mar 21, 2017","995.01","993.70","996.67","990.37","-","-0.26%"
"Mar 17, 2017","997.62","997.91","999.03","996.05","-","-0.48%"
"Mar 16, 2017","1,002.45","996.70","1,004.17","996.36","-","-0.04%"
"Mar 15, 2017","1,002.88","999.51","1,003.43","997.87","-","-0.07%"
"Mar 14, 2017","1,003.61","1,005.31","1,005.39","1,002.63","-","-0.24%"
"Mar 13, 2017","1,005.98","1,000.52","1,006.53","999.90","-","0.26%"
"Mar 10, 2017","1,003.40","998.06","1,003.94","996.46","-","1.33%"
"Mar 09, 2017","990.27","992.65","992.65","987.68","-","0.12%"
"Mar 08, 2017","989.04","990.75","991.74","985.65","-","-0.35%"
"Mar 07, 2017","992.55","991.58","993.65","991.13","-","-0.01%"
"Mar 06, 2017","992.66","991.77","994.32","989.50","-","-0.28%"
"Mar 03, 2017","995.41","998.00","1,000.02","991.27","-","-0.39%"
"Mar 02, 2017","999.29","1,005.08","1,007.62","999.29","-","0.72%"
"Mar 01, 2017","992.17","986.47","992.98","980.93","-","1.35%"
"Feb 28, 2017","978.92","985.19","989.11","978.92","-","-0.12%"
"Feb 27, 2017","980.12","982.56","984.19","974.64","-","-1.19%"
"Feb 24, 2017","991.91","989.38","997.37","989.26","-","-0.36%"
"Feb 23, 2017","995.54","995.93","995.93","989.89","-","-0.14%"
"Feb 22, 2017","996.94","998.29","998.58","994.33","-","0.12%"
"Feb 21, 2017","995.74","991.30","996.39","990.73","-","0.51%"
"Feb 20, 2017","990.66","985.54","991.93","983.41","-","0.17%"
"Feb 17, 2017","988.93","989.09","990.60","985.31","-","-0.53%"
"Feb 16, 2017","994.22","997.17","997.33","988.80","-","-0.18%"
"Feb 15, 2017","996.04","995.69","999.19","995.11","-","1.00%"
"Feb 14, 2017","986.21","1,000.62","1,000.62","985.87","-","-1.17%"
"Feb 13, 2017","997.92","1,002.13","1,002.13","996.60","-","0.36%"
"Feb 10, 2017","994.35","987.41","995.39","986.27","-","2.25%"
"Feb 09, 2017","972.50","975.60","977.35","970.70","-","-0.79%"
"Feb 08, 2017","980.20","977.29","980.34","973.33","-","0.53%"
"Feb 07, 2017","974.99","970.44","978.35","969.44","-","-0.23%"
"Feb 06, 2017","977.27","982.28","984.30","974.47","-","0.46%"
"Feb 03, 2017","972.80","972.37","979.20","969.30","-","0.39%"
"Feb 02, 2017","969.03","980.10","980.67","966.58","-","-1.05%"
"Feb 01, 2017","979.27","968.38","979.88","966.45","-","0.19%"
"Jan 31, 2017","977.42","980.66","985.36","977.42","-","-1.61%"
"Jan 30, 2017","993.46","993.35","993.88","988.63","-","-0.49%"
"Jan 27, 2017","998.34","999.03","1,000.58","995.22","-","0.39%"
"Jan 26, 2017","994.48","988.93","995.08","988.05","-","1.66%"
"Jan 25, 2017","978.25","982.29","983.25","975.01","-","1.04%"
"Jan 24, 2017","968.18","970.29","973.24","967.28","-","-0.67%"
"Jan 23, 2017","974.67","975.91","980.26","972.80","-","-1.20%"
"Jan 20, 2017","986.46","983.57","989.40","982.48","-","0.33%"
"Jan 19, 2017","983.17","984.31","987.22","978.55","-","0.97%"
"Jan 18, 2017","973.69","965.07","975.66","960.93","-","0.37%"
"Jan 17, 2017","970.07","978.19","980.29","969.94","-","-1.35%"
"Jan 16, 2017","983.38","990.24","991.88","981.44","-","-0.90%"
"Jan 13, 2017","992.33","985.74","992.75","985.12","-","0.64%"
"Jan 12, 2017","986.02","991.67","991.67","981.80","-","-0.94%"
"Jan 11, 2017","995.38","992.95","996.33","991.56","-","0.73%"
"Jan 10, 2017","988.21","994.20","998.57","987.69","-","-0.76%"
"Jan 06, 2017","995.82","988.03","996.78","987.75","-","-0.29%"
"Jan 05, 2017","998.67","1,000.07","1,000.89","995.44","-","0.14%"
"Jan 04, 2017","997.32","985.12","997.71","984.70","-","2.42%"
"Dec 30, 2016","973.72","967.49","975.62","967.23","-","-0.06%"
"Dec 29, 2016","974.32","981.36","981.77","971.20","-","-1.27%"
"Dec 28, 2016","986.90","988.97","989.39","985.53","-","-0.20%"
"Dec 27, 2016","988.92","987.39","994.45","986.92","-","-0.18%"
"Dec 26, 2016","990.67","992.80","993.72","990.13","-","-0.60%"
"Dec 22, 2016","996.62","995.24","996.62","990.96","-","-0.11%"
"Dec 21, 2016","997.74","1,003.98","1,007.05","995.48","-","-0.36%"
"Dec 20, 2016","1,001.36","997.54","1,002.04","996.19","-","0.15%"
"Dec 19, 2016","999.89","998.39","1,000.69","996.48","-","-0.14%"
"Dec 16, 2016","1,001.27","1,005.53","1,005.61","998.67","-","0.35%"
"Dec 15, 2016","997.79","999.85","1,006.35","994.69","-","0.21%"
"Dec 14, 2016","995.72","996.92","997.58","993.65","-","-0.02%"
"Dec 13, 2016","995.95","988.85","995.95","985.25","-","0.38%"
"Dec 12, 2016","992.18","998.52","1,002.44","985.33","-","0.30%"
"Dec 09, 2016","989.23","981.11","990.44","979.83","-","0.99%"
"Dec 08, 2016","979.57","974.09","979.57","971.82","-","1.63%"
"Dec 07, 2016","963.83","959.74","963.90","957.61","-","0.93%"
"Dec 06, 2016","954.92","957.17","958.88","952.18","-","0.76%"
"Dec 05, 2016","947.71","949.77","951.67","944.64","-","-0.79%"
"Dec 02, 2016","955.29","955.77","959.45","950.67","-","-0.20%"
"Dec 01, 2016","957.25","957.53","967.13","954.16","-","1.10%"
"Nov 30, 2016","946.79","949.22","949.84","943.97","-","-0.01%"
"Nov 29, 2016","946.91","942.12","948.34","942.12","-","-0.02%"
"Nov 28, 2016","947.10","938.98","948.15","938.31","-","0.35%"
"Nov 25, 2016","943.79","943.99","949.67","938.22","-","0.33%"
"Nov 24, 2016","940.73","940.77","942.97","939.43","-","1.08%"
"Nov 22, 2016","930.71","927.49","931.56","926.25","-","0.23%"
"Nov 21, 2016","928.54","922.16","929.63","920.70","-","1.19%"
"Nov 18, 2016","917.64","924.66","925.70","917.64","-","0.15%"
"Nov 17, 2016","916.29","910.34","916.29","909.83","-","0.06%"
"Nov 16, 2016","915.78","912.11","916.73","911.59","-","1.43%"
"Nov 15, 2016","902.84","900.65","903.86","896.86","-","0.48%"
"Nov 14, 2016","898.54","890.37","899.87","889.78","-","1.47%"
"Nov 11, 2016","885.53","885.70","896.66","882.39","-","0.77%"
"Nov 10, 2016","878.72","842.86","881.10","842.67","-","6.30%"
"Nov 09, 2016","826.63","874.23","880.61","817.63","-","-4.76%"
"Nov 08, 2016","867.92","870.19","871.60","865.74","-","0.20%"
"Nov 07, 2016","866.20","866.93","869.07","861.75","-","1.27%"
"Nov 04, 2016","855.31","861.78","862.81","849.94","-","-1.98%"
"Nov 02, 2016","872.61","877.73","878.82","868.83","-","-1.85%"
"Nov 01, 2016","889.03","888.34","890.75","883.53","-","0.02%"
"Oct 31, 2016","888.82","884.13","889.06","883.37","-","0.21%"
"Oct 28, 2016","886.92","885.32","887.27","883.52","-","0.81%"
"Oct 27, 2016","879.82","878.13","883.61","877.01","-","0.01%"
"Oct 26, 2016","879.75","875.05","879.76","873.06","-","0.39%"
"Oct 25, 2016","876.29","872.67","877.80","872.67","-","0.78%"
"Oct 24, 2016","869.55","869.89","870.55","865.88","-","0.01%"
"Oct 21, 2016","869.46","874.67","875.26","867.96","-","-0.44%"
"Oct 20, 2016","873.34","862.87","873.41","862.70","-","1.12%"
"Oct 19, 2016","863.66","863.64","865.26","861.79","-","-0.13%"
"Oct 18, 2016","864.77","861.98","864.77","858.85","-","0.07%"
"Oct 17, 2016","864.17","861.46","866.29","859.35","-","0.42%"
"Oct 14, 2016","860.57","856.45","861.35","853.87","-","0.51%"
"Oct 13, 2016","856.19","861.67","865.48","853.53","-","-0.13%"
"Oct 12, 2016","857.28","858.08","863.59","857.28","-","-1.14%"
"Oct 11, 2016","867.18","865.73","871.34","865.17","-","0.45%"
"Oct 07, 2016","863.26","865.04","866.02","859.69","-","-0.22%"
"Oct 06, 2016","865.20","865.54","869.97","864.59","-","0.56%"
"Oct 05, 2016","860.37","857.82","861.39","854.79","-","0.66%"
"Oct 04, 2016","854.70","850.38","855.32","849.52","-","0.79%"
"Oct 03, 2016","847.97","848.62","853.31","847.09","-","0.49%"
"Sep 30, 2016","843.84","844.53","847.85","839.52","-","-1.57%"
"Sep 29, 2016","857.28","855.83","860.74","853.66","-","1.03%"
"Sep 28, 2016","848.51","852.20","853.70","844.50","-","-1.61%"
"Sep 27, 2016","862.39","844.89","862.39","839.46","-","0.81%"
"Sep 26, 2016","855.46","862.78","862.78","853.81","-","-1.07%"
"Sep 23, 2016","864.72","864.72","866.64","861.32","-","-0.55%"
"Sep 21, 2016","869.49","846.11","869.98","840.01","-","2.91%"
"Sep 20, 2016","844.93","837.96","849.92","837.89","-","0.49%"
"Sep 16, 2016","840.84","836.85","842.54","834.78","-","0.68%"
"Sep 15, 2016","835.20","839.39","840.12","831.61","-","-1.21%"
"Sep 14, 2016","845.47","846.28","849.79","844.39","-","-0.69%"
"Sep 13, 2016","851.34","856.88","857.37","847.80","-","-0.18%"
"Sep 12, 2016","852.89","854.81","857.59","848.18","-","-1.64%"
"Sep 09, 2016","867.11","867.95","871.74","865.48","-","-0.14%"
"Sep 08, 2016","868.32","868.23","870.53","862.53","-","-0.35%"
"Sep 07, 2016","871.38","866.64","871.81","864.84","-","-0.41%"
"Sep 06, 2016","874.94","872.58","876.08","871.88","-","0.35%"
"Sep 05, 2016","871.92","882.55","882.55","871.14","-","0.15%"
"Sep 02, 2016","870.62","866.44","871.03","865.84","-","0.38%"
"Sep 01, 2016","867.31","862.43","868.42","860.77","-","0.69%"
"Aug 31, 2016","861.34","858.51","862.90","857.94","-","1.36%"
"Aug 30, 2016","849.76","847.81","852.44","846.84","-","0.02%"
"Aug 29, 2016","849.58","845.06","852.47","844.37","-","2.26%"
"Aug 26, 2016","830.82","838.14","838.58","830.82","-","-1.30%"
"Aug 25, 2016","841.74","842.60","844.20","839.32","-","-0.22%"
"Aug 24, 2016","843.57","843.00","846.80","841.53","-","0.76%"
"Aug 23, 2016","837.24","839.61","844.04","833.98","-","-0.52%"
"Aug 22, 2016","841.61","840.45","842.68","837.31","-","0.48%"
"Aug 19, 2016","837.57","836.36","840.09","833.14","-","0.62%"
"Aug 18, 2016","832.44","840.20","843.32","832.44","-","-1.65%"
"Aug 17, 2016","846.42","835.04","847.57","835.04","-","1.41%"
"Aug 16, 2016","834.63","847.41","848.61","834.63","-","-1.36%"
"Aug 15, 2016","846.15","846.30","850.17","845.51","-","-0.32%"
"Aug 12, 2016","848.84","850.60","852.00","845.92","-","0.43%"
"Aug 10, 2016","845.20","844.76","848.34","841.01","-","-0.37%"
"Aug 09, 2016","848.37","841.49","848.81","841.21","-","0.91%"
"Aug 08, 2016","840.73","831.18","840.73","830.49","-","2.45%"
"Aug 05, 2016","820.62","824.15","826.16","819.45","-","-0.11%"
"Aug 04, 2016","821.51","816.17","822.72","806.88","-","1.20%"
"Aug 03, 2016","811.76","817.77","819.86","809.70","-","-2.02%"
"Aug 02, 2016","828.47","835.07","837.34","828.47","-","-1.72%"
"Aug 01, 2016","842.94","832.19","845.63","826.33","-","0.32%"
"Jul 29, 2016","840.26","826.49","841.14","818.69","-","1.21%"
"Jul 28, 2016","830.21","836.63","837.76","828.26","-","-1.25%"
"Jul 27, 2016","840.76","836.42","846.94","834.91","-","1.15%"
"Jul 26, 2016","831.24","837.64","837.64","828.13","-","-1.48%"
"Jul 25, 2016","843.70","847.61","852.95","843.01","-","-0.35%"
"Jul 22, 2016","846.66","842.51","849.43","842.51","-","-0.87%"
"Jul 21, 2016","854.13","856.86","859.68","849.68","-","0.77%"
"Jul 20, 2016","847.63","846.21","848.07","841.26","-","-0.19%"
"Jul 19, 2016","849.23","848.17","849.43","839.52","-","0.76%"
"Jul 15, 2016","842.83","837.78","848.41","835.48","-","0.93%"
"Jul 14, 2016","835.06","828.67","835.87","827.91","-","0.81%"
"Jul 13, 2016","828.32","830.08","837.47","826.31","-","1.36%"
"Jul 12, 2016","817.23","809.42","824.90","808.77","-","2.65%"
"Jul 11, 2016","796.12","779.77","801.78","779.77","-","3.92%"
"Jul 08, 2016","766.07","777.25","780.71","766.07","-","-1.18%"
"Jul 07, 2016","775.21","777.15","783.19","773.15","-","-0.60%"
"Jul 06, 2016","779.90","783.33","783.48","769.93","-","-1.95%"
"Jul 05, 2016","795.40","796.10","797.42","790.88","-","-0.47%"
"Jul 04, 2016","799.13","789.37","800.43","788.85","-","0.84%"
"Jul 01, 2016","792.45","793.88","796.64","789.85","-","0.52%"
"Jun 30, 2016","788.36","799.70","801.50","788.36","-","-0.21%"
"Jun 29, 2016","789.99","785.32","793.21","779.72","-","2.18%"
"Jun 28, 2016","773.14","765.03","778.73","756.94","-","-0.32%"
"Jun 27, 2016","775.63","771.35","776.50","768.46","-","1.34%"
"Jun 24, 2016","765.34","833.05","834.27","756.85","-","-7.52%"
"Jun 23, 2016","827.59","817.58","829.09","816.33","-","1.28%"
"Jun 22, 2016","817.14","819.56","822.04","814.07","-","-0.63%"
"Jun 21, 2016","822.29","805.70","824.21","801.57","-","1.34%"
"Jun 20, 2016","811.44","805.50","815.21","805.29","-","2.31%"
"Jun 17, 2016","793.10","795.88","801.71","791.68","-","0.84%"
"Jun 16, 2016","786.47","805.30","807.37","784.04","-","-2.75%"
"Jun 15, 2016","808.69","802.23","813.48","800.07","-","0.48%"
"Jun 14, 2016","804.84","808.60","814.97","799.70","-","-0.88%"
"Jun 13, 2016","812.00","827.14","828.16","812.00","-","-3.59%"
"Jun 10, 2016","842.22","844.32","844.36","836.41","-","-0.49%"
"Jun 09, 2016","846.39","851.78","853.32","842.92","-","-1.14%"
"Jun 08, 2016","856.19","851.80","856.19","843.51","-","0.89%"
"Jun 07, 2016","848.66","846.99","849.98","841.20","-","0.61%"
"Jun 06, 2016","843.51","833.32","843.58","829.53","-","-0.38%"
"Jun 03, 2016","846.76","845.51","850.63","842.53","-","0.32%"
"Jun 02, 2016","844.04","856.91","857.10","842.50","-","-2.36%"
"Jun 01, 2016","864.48","870.27","873.82","861.75","-","-1.44%"
"May 31, 2016","877.12","864.64","877.75","862.79","-","1.10%"
"May 30, 2016","867.59","862.97","867.98","858.70","-","1.23%"
"May 27, 2016","857.01","855.99","858.79","853.74","-","0.51%"
"May 26, 2016","852.70","862.87","863.85","851.61","-","-0.12%"
"May 25, 2016","853.71","853.56","856.12","852.04","-","1.58%"
"May 24, 2016","840.43","845.69","845.69","839.08","-","-1.04%"
"May 23, 2016","849.28","848.41","849.73","836.33","-","-0.39%"
"May 20, 2016","852.57","846.91","854.12","844.55","-","0.29%"
"May 19, 2016","850.07","860.34","862.77","847.40","-","-0.23%"
"May 18, 2016","852.00","848.58","859.57","844.47","-","0.34%"
"May 17, 2016","849.15","847.77","849.79","843.40","-","0.94%"
"May 16, 2016","841.28","835.37","848.39","835.21","-","0.36%"
"May 13, 2016","838.23","856.13","856.13","837.71","-","-1.56%"
"May 12, 2016","851.52","841.05","852.42","836.46","-","0.21%"
"May 11, 2016","849.74","859.71","863.80","847.35","-","-0.08%"
"May 10, 2016","850.42","835.25","852.08","831.09","-","2.18%"
"May 09, 2016","832.31","833.20","837.53","830.25","-","0.59%"
"May 06, 2016","827.44","832.16","834.90","821.27","-","-0.21%"
"May 02, 2016","829.20","839.62","839.62","819.64","-","-2.88%"
"Apr 28, 2016","853.83","893.85","898.17","852.94","-","-3.49%"
"Apr 27, 2016","884.72","891.54","893.23","881.59","-","-0.86%"
"Apr 26, 2016","892.43","893.85","895.59","884.30","-","-0.76%"
"Apr 25, 2016","899.23","906.79","906.79","895.78","-","-0.39%"
"Apr 22, 2016","902.77","881.74","903.97","880.80","-","1.38%"
"Apr 21, 2016","890.45","883.81","891.21","880.45","-","2.29%"
"Apr 20, 2016","870.51","877.45","880.98","869.10","-","0.19%"
"Apr 19, 2016","868.86","854.89","871.43","854.41","-","3.55%"
"Apr 18, 2016","839.09","851.17","851.55","835.00","-","-3.40%"
"Apr 15, 2016","868.58","863.91","873.22","863.91","-","-0.84%"
"Apr 14, 2016","875.92","863.04","875.92","861.58","-","3.02%"
"Apr 13, 2016","850.27","838.44","852.05","837.21","-","2.80%"
"Apr 12, 2016","827.12","811.36","829.41","810.29","-","1.93%"
"Apr 11, 2016","811.45","813.24","813.57","800.61","-","-0.81%"
"Apr 08, 2016","818.06","797.35","828.06","793.82","-","1.26%"
"Apr 07, 2016","807.88","804.89","813.42","800.73","-","0.40%"
"Apr 06, 2016","804.66","804.56","809.67","798.60","-","-0.05%"
"Apr 05, 2016","805.10","821.88","823.17","803.76","-","-2.61%"
"Apr 04, 2016","826.67","822.26","833.95","819.50","-","0.02%"
"Apr 01, 2016","826.54","852.25","852.25","824.51","-","-3.43%"
"Mar 31, 2016","855.86","864.61","868.41","855.28","-","-0.51%"
"Mar 30, 2016","860.22","873.14","873.64","859.98","-","-1.92%"
"Mar 29, 2016","877.08","872.59","879.25","871.03","-","-0.50%"
"Mar 28, 2016","881.51","878.19","881.51","870.57","-","1.08%"
"Mar 25, 2016","872.13","862.67","873.72","859.73","-","1.20%"
"Mar 24, 2016","861.76","867.04","869.29","857.63","-","-0.93%"
"Mar 23, 2016","869.85","874.92","879.42","868.57","-","-0.48%"
"Mar 22, 2016","874.03","867.73","877.97","864.71","-","1.85%"
"Mar 18, 2016","858.16","865.02","868.25","851.38","-","-1.09%"
"Mar 17, 2016","867.58","874.05","882.80","860.40","-","-0.06%"
"Mar 16, 2016","868.10","870.00","876.30","867.58","-","-0.94%"
"Mar 15, 2016","876.31","881.17","883.79","872.56","-","-0.74%"
"Mar 14, 2016","882.82","880.51","885.80","878.68","-","1.45%"
"Mar 11, 2016","870.21","853.81","873.61","851.67","-","0.58%"
"Mar 10, 2016","865.19","861.64","867.10","854.88","-","1.39%"
"Mar 09, 2016","853.34","852.74","857.04","846.27","-","-1.01%"
"Mar 08, 2016","862.03","868.41","871.22","851.70","-","-0.99%"
"Mar 07, 2016","870.65","878.58","878.69","869.59","-","-1.16%"
"Mar 04, 2016","880.83","877.88","881.56","873.86","-","0.12%"
"Mar 03, 2016","879.76","864.79","880.94","863.72","-","1.82%"
"Mar 02, 2016","864.03","845.75","867.73","845.45","-","4.15%"
"Mar 01, 2016","829.57","826.27","831.98","819.61","-","0.20%"
"Feb 29, 2016","827.92","845.19","850.83","827.92","-","-0.90%"
"Feb 26, 2016","835.46","841.22","848.83","835.28","-","0.40%"
"Feb 25, 2016","832.15","821.99","836.17","820.59","-","1.67%"
"Feb 24, 2016","818.45","811.64","822.27","805.87","-","-0.66%"
"Feb 23, 2016","823.87","835.07","840.01","822.85","-","-0.65%"
"Feb 22, 2016","829.23","817.99","832.82","815.78","-","0.46%"
"Feb 19, 2016","825.43","831.41","831.41","819.52","-","-1.66%"
"Feb 18, 2016","839.35","835.89","847.55","834.52","-","2.31%"
"Feb 17, 2016","820.39","830.78","840.64","810.10","-","-1.40%"
"Feb 16, 2016","832.05","818.97","846.67","815.79","-","0.84%"
"Feb 15, 2016","825.09","775.38","832.98","775.12","-","8.47%"
"Feb 12, 2016","760.63","789.97","790.66","759.10","-","-5.50%"
"Feb 10, 2016","804.91","828.83","831.01","793.02","-","-2.92%"
"Feb 09, 2016","829.10","861.68","861.75","826.56","-","-5.67%"
"Feb 08, 2016","878.95","862.60","884.30","856.37","-","0.60%"
"Feb 05, 2016","873.71","872.17","875.24","863.48","-","-1.46%"
"Feb 04, 2016","886.63","886.41","896.21","880.42","-","-0.99%"
"Feb 03, 2016","895.50","912.34","913.03","890.58","-","-3.46%"
"Feb 02, 2016","927.60","927.15","933.29","923.58","-","-0.86%"
"Feb 01, 2016","935.67","924.82","936.36","924.39","-","2.26%"
"Jan 29, 2016","914.98","895.31","919.78","873.16","-","2.86%"
"Jan 28, 2016","889.54","891.85","899.67","886.45","-","-0.75%"
"Jan 27, 2016","896.25","884.43","899.48","883.88","-","3.05%"
"Jan 26, 2016","869.73","877.94","877.94","867.72","-","-2.46%"
"Jan 25, 2016","891.68","893.31","895.20","882.55","-","1.15%"
"Jan 22, 2016","881.50","851.63","883.01","851.33","-","5.61%"
"Jan 21, 2016","834.70","859.81","872.13","834.70","-","-2.73%"
"Jan 20, 2016","858.15","887.50","887.74","856.93","-","-3.75%"
"Jan 19, 2016","891.54","885.43","894.01","879.69","-","0.22%"
"Jan 18, 2016","889.60","882.24","893.26","874.12","-","-1.01%"
"Jan 15, 2016","898.66","916.01","919.93","893.25","-","-0.43%"
"Jan 14, 2016","902.52","908.95","909.18","886.97","-","-2.55%"
"Jan 13, 2016","926.11","914.26","927.02","912.76","-","2.84%"
"Jan 12, 2016","900.53","918.53","921.08","900.53","-","-3.07%"
"Jan 08, 2016","929.03","925.75","946.90","923.40","-","-0.66%"
"Jan 07, 2016","935.16","954.10","956.31","934.01","-","-2.29%"
"Jan 06, 2016","957.12","972.21","975.70","950.52","-","-1.19%"
"Jan 05, 2016","968.67","970.02","976.65","965.50","-","-0.43%"
"Jan 04, 2016","972.87","986.40","995.94","970.32","-","-2.39%"
"Dec 30, 2015","996.71","999.89","1,002.78","996.71","-","0.23%"
"Dec 29, 2015","994.47","985.75","995.96","982.13","-","0.80%"
"Dec 28, 2015","986.56","983.04","989.21","980.82","-","0.76%"
"Dec 25, 2015","979.08","984.11","985.59","977.46","-","-0.50%"
"Dec 24, 2015","984.01","996.57","997.13","983.72","-","-0.37%"
"Dec 22, 2015","987.66","988.44","990.76","982.41","-","0.15%"
"Dec 21, 2015","986.16","981.37","991.12","973.98","-","-0.31%"
"Dec 18, 2015","989.26","1,006.77","1,031.39","989.26","-","-1.91%"
"Dec 17, 2015","1,008.48","1,011.15","1,018.11","1,006.72","-","1.43%"
"Dec 16, 2015","994.26","981.62","996.84","981.32","-","3.02%"
"Dec 15, 2015","965.12","981.47","983.07","965.12","-","-1.78%"
"Dec 14, 2015","982.61","980.25","983.54","967.99","-","-1.60%"
"Dec 11, 2015","998.60","989.32","1,000.86","989.06","-","0.59%"
"Dec 10, 2015","992.79","991.23","997.57","989.90","-","-0.86%"
"Dec 09, 2015","1,001.42","1,003.19","1,009.01","1,000.00","-","-0.80%"
"Dec 08, 2015","1,009.53","1,021.16","1,024.66","1,008.89","-","-1.11%"
"Dec 07, 2015","1,020.81","1,023.25","1,027.25","1,020.33","-","0.55%"
"Dec 04, 2015","1,015.19","1,016.58","1,018.47","1,011.44","-","-1.80%"
"Dec 03, 2015","1,033.78","1,031.00","1,035.33","1,029.32","-","0.15%"
"Dec 02, 2015","1,032.26","1,032.09","1,036.03","1,031.85","-","0.03%"
"Dec 01, 2015","1,031.97","1,020.43","1,031.97","1,019.81","-","1.51%"
"Nov 30, 2015","1,016.61","1,027.38","1,027.56","1,016.61","-","-1.16%"
"Nov 27, 2015","1,028.50","1,035.55","1,035.55","1,026.96","-","-0.49%"
"Nov 26, 2015","1,033.54","1,032.08","1,037.10","1,031.99","-","0.54%"
"Nov 25, 2015","1,028.03","1,031.94","1,031.98","1,024.78","-","-0.76%"
"Nov 24, 2015","1,035.93","1,034.73","1,037.71","1,031.41","-","-0.06%"
"Nov 20, 2015","1,036.60","1,032.21","1,036.60","1,028.00","-","-0.02%"
"Nov 19, 2015","1,036.77","1,038.97","1,044.35","1,033.21","-","0.76%"
"Nov 18, 2015","1,028.96","1,033.39","1,037.34","1,028.52","-","0.04%"
"Nov 17, 2015","1,028.58","1,032.49","1,034.12","1,028.58","-","0.92%"
"Nov 16, 2015","1,019.18","1,012.02","1,023.58","1,009.76","-","-1.03%"
"Nov 13, 2015","1,029.74","1,024.17","1,030.12","1,018.88","-","-0.60%"
"Nov 12, 2015","1,036.00","1,034.84","1,038.81","1,032.32","-","-0.25%"
"Nov 11, 2015","1,038.59","1,032.25","1,041.49","1,032.25","-","0.21%"
"Nov 10, 2015","1,036.39","1,026.71","1,036.70","1,026.30","-","0.04%"
"Nov 09, 2015","1,036.02","1,024.36","1,038.38","1,023.23","-","1.97%"
"Nov 06, 2015","1,016.05","1,016.09","1,017.60","1,011.14","-","0.45%"
"Nov 05, 2015","1,011.46","1,007.87","1,015.15","1,005.62","-","0.89%"
"Nov 04, 2015","1,002.56","1,004.64","1,013.91","1,002.56","-","1.16%"
"Nov 02, 2015","991.06","997.08","997.14","988.09","-","-1.94%"
"Oct 30, 2015","1,010.65","1,003.42","1,019.11","997.41","-","0.72%"
"Oct 29, 2015","1,003.40","1,013.05","1,013.90","996.87","-","-0.19%"
"Oct 28, 2015","1,005.33","1,001.54","1,006.91","1,000.46","-","0.45%"
"Oct 27, 2015","1,000.81","1,011.84","1,012.64","1,000.19","-","-1.14%"
"Oct 26, 2015","1,012.37","1,018.53","1,022.12","1,012.08","-","0.76%"
"Oct 23, 2015","1,004.77","1,001.59","1,008.74","1,001.26","-","2.14%"
"Oct 22, 2015","983.72","983.36","991.91","981.42","-","-0.55%"
"Oct 21, 2015","989.18","969.06","991.03","969.02","-","1.97%"
"Oct 20, 2015","970.03","970.62","972.18","966.25","-","0.61%"
"Oct 19, 2015","964.17","974.19","974.19","960.49","-","-1.01%"
"Oct 16, 2015","973.99","971.19","978.71","968.17","-","1.37%"
"Oct 15, 2015","960.78","944.73","962.95","942.53","-","1.26%"
"Oct 14, 2015","948.82","961.44","962.69","945.94","-","-2.32%"
"Oct 13, 2015","971.31","977.83","979.07","968.58","-","-1.28%"
"Oct 09, 2015","983.88","970.51","983.88","969.33","-","2.38%"
"Oct 08, 2015","961.00","965.89","973.51","959.63","-","-0.55%"
"Oct 07, 2015","966.34","953.31","969.09","951.93","-","1.53%"
"Oct 06, 2015","951.78","958.55","962.32","949.12","-","0.97%"
"Oct 05, 2015","942.63","941.97","947.65","937.64","-","1.20%"
"Oct 02, 2015","931.46","921.28","932.28","917.52","-","0.19%"
"Oct 01, 2015","929.65","914.07","935.58","909.28","-","2.53%"
"Sep 30, 2015","906.72","897.76","912.50","897.20","-","2.61%"
"Sep 29, 2015","883.68","910.16","910.37","881.08","-","-4.65%"
"Sep 28, 2015","926.77","934.72","940.61","921.68","-","-1.65%"
"Sep 25, 2015","942.35","926.83","942.86","921.93","-","1.91%"
"Sep 24, 2015","924.65","936.38","939.74","924.65","-","-2.51%"
"Sep 18, 2015","948.48","961.25","961.66","947.20","-","-2.12%"
"Sep 17, 2015","968.99","966.15","971.53","960.62","-","1.36%"
"Sep 16, 2015","955.96","958.41","964.04","952.41","-","1.07%"
"Sep 15, 2015","945.83","950.49","965.04","944.56","-","0.01%"
"Sep 14, 2015","945.70","964.63","965.12","944.67","-","-1.64%"
"Sep 11, 2015","961.50","955.71","967.09","954.17","-","-0.31%"
"Sep 10, 2015","964.48","968.11","968.41","949.19","-","-2.33%"
"Sep 09, 2015","987.46","943.24","987.46","943.11","-","6.77%"
"Sep 08, 2015","924.84","944.11","946.09","924.13","-","-1.85%"
"Sep 07, 2015","942.31","931.91","948.09","922.04","-","0.18%"
"Sep 04, 2015","940.63","968.65","968.65","930.51","-","-2.19%"
"Sep 03, 2015","961.73","969.44","976.76","961.73","-","0.70%"
"Sep 02, 2015","955.05","944.44","974.51","942.10","-","-0.73%"
"Sep 01, 2015","962.03","992.89","994.63","962.03","-","-3.76%"
"Aug 31, 2015","999.61","1,002.77","1,004.78","991.98","-","-1.06%"
"Aug 28, 2015","1,010.29","996.47","1,013.93","996.01","-","3.37%"
"Aug 27, 2015","977.37","980.83","993.20","975.67","-","1.46%"
"Aug 26, 2015","963.30","943.25","968.12","932.56","-","3.32%"
"Aug 25, 2015","932.39","944.20","985.78","919.87","-","-3.25%"
"Aug 24, 2015","963.75","1,004.54","1,006.25","963.43","-","-5.95%"
"Aug 21, 2015","1,024.68","1,038.58","1,039.82","1,024.46","-","-3.05%"
"Aug 20, 2015","1,056.97","1,070.21","1,070.50","1,056.97","-","-1.57%"
"Aug 19, 2015","1,073.78","1,083.80","1,089.25","1,073.78","-","-1.30%"
"Aug 18, 2015","1,087.91","1,088.15","1,091.83","1,086.16","-","0.07%"
"Aug 17, 2015","1,087.19","1,087.87","1,092.92","1,083.47","-","0.31%"
"Aug 14, 2015","1,083.81","1,085.12","1,089.06","1,082.09","-","-0.32%"
"Aug 13, 2015","1,087.25","1,081.96","1,088.69","1,077.14","-","-0.07%"
"Aug 12, 2015","1,088.00","1,099.18","1,101.73","1,080.99","-","-1.30%"
"Aug 11, 2015","1,102.36","1,111.37","1,113.68","1,096.23","-","-0.17%"
"Aug 10, 2015","1,104.24","1,094.48","1,104.24","1,091.93","-","0.56%"
"Aug 07, 2015","1,098.12","1,090.44","1,098.86","1,087.25","-","0.58%"
"Aug 06, 2015","1,091.80","1,096.67","1,102.16","1,091.80","-","0.55%"
"Aug 05, 2015","1,085.85","1,081.16","1,092.69","1,079.55","-","0.23%"
"Aug 04, 2015","1,083.37","1,081.68","1,086.37","1,078.99","-","-0.19%"
"Aug 03, 2015","1,085.40","1,087.71","1,087.82","1,077.11","-","-0.14%"
"Jul 31, 2015","1,086.94","1,082.64","1,086.94","1,080.77","-","0.66%"
"Jul 30, 2015","1,079.76","1,078.65","1,085.09","1,077.88","-","1.01%"
"Jul 29, 2015","1,068.94","1,072.78","1,073.15","1,064.12","-","0.21%"
"Jul 28, 2015","1,066.69","1,064.33","1,073.69","1,056.97","-","-0.82%"
"Jul 27, 2015","1,075.51","1,076.38","1,081.39","1,070.48","-","-0.86%"
"Jul 24, 2015","1,084.82","1,087.27","1,088.71","1,083.14","-","-0.57%"
"Jul 23, 2015","1,091.07","1,089.71","1,092.27","1,087.35","-","0.54%"
"Jul 22, 2015","1,085.23","1,089.92","1,090.42","1,084.58","-","-1.25%"
"Jul 21, 2015","1,098.98","1,099.83","1,099.83","1,093.81","-","0.48%"
"Jul 17, 2015","1,093.74","1,093.52","1,093.77","1,089.45","-","0.21%"
"Jul 16, 2015","1,091.44","1,087.85","1,091.44","1,085.50","-","0.89%"
"Jul 15, 2015","1,081.76","1,082.53","1,083.63","1,077.08","-","0.38%"
"Jul 14, 2015","1,077.66","1,076.76","1,081.65","1,073.57","-","1.55%"
"Jul 13, 2015","1,061.23","1,054.10","1,063.19","1,052.13","-","1.82%"
"Jul 10, 2015","1,042.21","1,040.92","1,055.37","1,037.39","-","0.36%"
"Jul 09, 2015","1,038.50","1,019.33","1,038.73","1,003.41","-","0.06%"
"Jul 08, 2015","1,037.83","1,069.38","1,069.86","1,037.83","-","-3.39%"
"Jul 07, 2015","1,074.27","1,076.55","1,080.86","1,073.77","-","0.86%"
"Jul 06, 2015","1,065.08","1,069.16","1,073.38","1,060.56","-","-1.95%"
"Jul 03, 2015","1,086.29","1,082.56","1,088.30","1,080.89","-","0.41%"
"Jul 02, 2015","1,081.90","1,086.02","1,088.13","1,080.53","-","0.68%"
"Jul 01, 2015","1,074.60","1,076.60","1,076.69","1,069.98","-","0.08%"
"Jun 30, 2015","1,073.75","1,072.50","1,076.58","1,067.28","-","0.21%"
"Jun 29, 2015","1,071.46","1,077.70","1,080.99","1,067.56","-","-2.54%"
"Jun 26, 2015","1,099.42","1,098.28","1,103.56","1,091.62","-","-0.26%"
"Jun 25, 2015","1,102.26","1,101.76","1,106.98","1,100.91","-","-0.48%"
"Jun 24, 2015","1,107.54","1,110.15","1,113.31","1,107.54","-","0.23%"
"Jun 23, 2015","1,104.95","1,092.57","1,105.23","1,091.47","-","1.87%"
"Jun 22, 2015","1,084.63","1,071.64","1,085.37","1,071.64","-","1.25%"
"Jun 19, 2015","1,071.20","1,071.98","1,074.72","1,067.06","-","0.78%"
"Jun 18, 2015","1,062.96","1,074.62","1,075.49","1,062.96","-","-1.23%"
"Jun 17, 2015","1,076.21","1,085.39","1,086.64","1,073.58","-","-0.54%"
"Jun 16, 2015","1,082.04","1,086.63","1,088.21","1,079.80","-","-0.81%"
"Jun 15, 2015","1,090.84","1,079.38","1,091.89","1,079.38","-","0.11%"
"Jun 12, 2015","1,089.60","1,088.77","1,089.89","1,085.21","-","0.18%"
"Jun 11, 2015","1,087.68","1,082.98","1,091.03","1,082.45","-","1.19%"
"Jun 10, 2015","1,074.86","1,078.48","1,088.86","1,074.41","-","-0.35%"
"Jun 09, 2015","1,078.62","1,087.80","1,090.99","1,078.46","-","-1.68%"
"Jun 08, 2015","1,097.03","1,104.82","1,105.53","1,093.89","-","-0.35%"
"Jun 05, 2015","1,100.87","1,100.35","1,102.06","1,095.36","-","-0.60%"
"Jun 04, 2015","1,107.49","1,107.63","1,109.59","1,104.30","-","0.21%"
"Jun 03, 2015","1,105.16","1,103.22","1,107.99","1,099.36","-","-0.16%"
"Jun 02, 2015","1,106.97","1,114.76","1,114.80","1,104.18","-","-0.47%"
"Jun 01, 2015","1,112.21","1,100.32","1,113.47","1,100.32","-","0.21%"
"May 29, 2015","1,109.85","1,110.25","1,115.11","1,107.17","-","-0.04%"
"May 28, 2015","1,110.31","1,106.93","1,115.85","1,105.73","-","0.90%"
"May 27, 2015","1,100.46","1,095.66","1,103.87","1,094.28","-","0.17%"
"May 26, 2015","1,098.58","1,098.69","1,100.88","1,096.12","-","0.05%"
"May 25, 2015","1,098.08","1,094.27","1,099.20","1,092.02","-","0.83%"
"May 22, 2015","1,089.09","1,089.32","1,089.50","1,082.54","-","-0.02%"
"May 21, 2015","1,089.28","1,088.23","1,096.25","1,087.04","-","0.37%"
"May 20, 2015","1,085.26","1,087.62","1,091.26","1,085.03","-","0.53%"
"May 19, 2015","1,079.57","1,079.80","1,082.91","1,077.71","-","0.18%"
"May 18, 2015","1,077.67","1,066.34","1,077.67","1,065.74","-","1.41%"
"May 15, 2015","1,062.68","1,058.69","1,062.91","1,054.47","-","1.02%"
"May 14, 2015","1,051.95","1,055.72","1,059.47","1,050.84","-","-0.83%"
"May 13, 2015","1,060.72","1,054.52","1,061.97","1,049.85","-","0.02%"
"May 12, 2015","1,060.50","1,060.49","1,060.98","1,049.55","-","0.19%"
"May 11, 2015","1,058.50","1,067.63","1,071.70","1,057.68","-","0.52%"
"May 08, 2015","1,053.03","1,045.44","1,056.70","1,042.38","-","1.02%"
"May 07, 2015","1,042.41","1,042.75","1,048.39","1,039.49","-","-0.80%"
"May 01, 2015","1,050.80","1,051.65","1,052.89","1,042.09","-","-0.30%"
"Apr 30, 2015","1,053.93","1,069.47","1,069.72","1,050.91","-","-2.45%"
"Apr 28, 2015","1,080.35","1,077.09","1,082.54","1,076.89","-","0.68%"
"Apr 27, 2015","1,073.08","1,076.04","1,076.42","1,068.07","-","-0.06%"
"Apr 24, 2015","1,073.73","1,077.61","1,079.04","1,071.88","-","-0.46%"
"Apr 23, 2015","1,078.65","1,082.61","1,084.87","1,072.05","-","0.36%"
"Apr 22, 2015","1,074.74","1,067.85","1,078.63","1,067.45","-","0.90%"
"Apr 21, 2015","1,065.17","1,051.97","1,065.17","1,050.05","-","1.79%"
"Apr 20, 2015","1,046.39","1,039.94","1,051.96","1,036.41","-","-0.28%"
"Apr 17, 2015","1,049.38","1,050.49","1,055.63","1,047.74","-","-0.33%"
"Apr 16, 2015","1,052.81","1,045.72","1,052.81","1,041.81","-","0.71%"
"Apr 15, 2015","1,045.34","1,040.17","1,047.05","1,040.17","-","0.14%"
"Apr 14, 2015","1,043.92","1,039.98","1,044.00","1,039.33","-","0.18%"
"Apr 13, 2015","1,042.03","1,045.32","1,045.95","1,036.87","-","-0.21%"
"Apr 10, 2015","1,044.19","1,048.81","1,049.78","1,041.18","-","-0.31%"
"Apr 09, 2015","1,047.44","1,046.87","1,048.42","1,043.02","-","0.39%"
"Apr 08, 2015","1,043.35","1,044.03","1,046.85","1,039.68","-","0.42%"
"Apr 07, 2015","1,039.01","1,034.53","1,042.36","1,033.91","-","1.34%"
"Apr 06, 2015","1,025.27","1,019.98","1,026.06","1,017.16","-","-0.32%"
"Apr 03, 2015","1,028.60","1,020.99","1,028.60","1,020.81","-","0.62%"
"Apr 02, 2015","1,022.25","1,010.95","1,029.87","1,010.07","-","1.73%"
"Apr 01, 2015","1,004.82","1,005.96","1,013.27","998.22","-","-0.78%"
"Mar 31, 2015","1,012.77","1,036.89","1,039.03","1,012.77","-","-1.21%"
"Mar 30, 2015","1,025.14","1,023.52","1,027.96","1,015.65","-","0.10%"
"Mar 27, 2015","1,024.14","1,025.97","1,038.30","1,014.77","-","-0.93%"
"Mar 26, 2015","1,033.79","1,040.17","1,041.50","1,028.76","-","-1.36%"
"Mar 25, 2015","1,048.06","1,045.93","1,048.91","1,037.24","-","0.28%"
"Mar 24, 2015","1,045.09","1,046.12","1,047.77","1,040.27","-","-0.35%"
"Mar 23, 2015","1,048.74","1,042.83","1,050.99","1,040.77","-","0.91%"
"Mar 20, 2015","1,039.32","1,036.07","1,039.48","1,031.02","-","0.26%"
"Mar 19, 2015","1,036.60","1,040.93","1,043.84","1,029.28","-","-0.38%"
"Mar 18, 2015","1,040.59","1,032.39","1,041.49","1,031.48","-","0.76%"
"Mar 17, 2015","1,032.69","1,031.40","1,036.25","1,028.35","-","0.94%"
"Mar 16, 2015","1,023.08","1,025.42","1,028.79","1,021.03","-","-0.24%"
"Mar 13, 2015","1,025.49","1,019.44","1,029.46","1,017.19","-","1.07%"
"Mar 12, 2015","1,014.63","1,001.68","1,015.98","1,001.59","-","1.47%"
"Mar 11, 2015","999.94","995.14","1,004.28","993.71","-","-0.03%"
"Mar 10, 2015","1,000.20","1,010.94","1,012.22","995.20","-","-0.63%"
"Mar 09, 2015","1,006.50","1,009.02","1,009.08","1,001.03","-","-0.65%"
"Mar 06, 2015","1,013.06","1,002.20","1,013.06","1,001.86","-","1.28%"
"Mar 05, 2015","1,000.29","993.67","1,000.43","993.67","-","0.49%"
"Mar 04, 2015","995.40","997.35","997.47","986.43","-","-0.72%"
"Mar 03, 2015","1,002.59","1,006.48","1,006.48","996.51","-","0.07%"
"Mar 02, 2015","1,001.84","1,004.67","1,007.79","1,000.59","-","0.07%"
"Feb 27, 2015","1,001.17","1,004.81","1,005.13","997.02","-","0.01%"
"Feb 26, 2015","1,001.04","989.28","1,001.04","989.28","-","1.05%"
"Feb 25, 2015","990.68","996.06","996.06","988.50","-","-0.19%"
"Feb 24, 2015","992.58","986.69","992.58","983.50","-","0.42%"
"Feb 23, 2015","988.42","994.66","996.77","983.33","-","0.07%"
"Feb 20, 2015","987.69","987.51","988.77","984.09","-","0.31%"
"Feb 19, 2015","984.61","979.40","985.69","979.16","-","0.76%"
"Feb 18, 2015","977.23","971.32","977.73","970.73","-","1.46%"
"Feb 17, 2015","963.20","961.23","964.58","957.90","-","0.01%"
"Feb 16, 2015","963.08","962.68","965.57","959.62","-","0.80%"
"Feb 13, 2015","955.40","954.09","957.58","953.41","-","0.13%"
"Feb 12, 2015","954.20","952.36","956.90","951.63","-","1.58%"
"Feb 10, 2015","939.32","937.04","939.32","933.15","-","0.25%"
"Feb 09, 2015","936.97","939.88","940.52","932.23","-","0.64%"
"Feb 06, 2015","931.03","934.35","935.04","929.47","-","0.55%"
"Feb 05, 2015","925.92","930.08","931.51","922.42","-","-0.42%"
"Feb 04, 2015","929.81","922.28","935.47","921.82","-","2.02%"
"Feb 03, 2015","911.41","926.36","926.36","908.25","-","-1.09%"
"Feb 02, 2015","921.41","915.74","923.07","912.17","-","-0.31%"
"Jan 30, 2015","924.32","933.30","934.88","924.32","-","-0.11%"
"Jan 29, 2015","925.34","930.57","932.50","923.75","-","-1.35%"
"Jan 28, 2015","937.97","930.20","940.31","930.07","-","-0.01%"
"Jan 27, 2015","938.02","931.12","938.02","930.29","-","1.68%"
"Jan 26, 2015","922.54","913.88","922.67","913.82","-","-0.20%"
"Jan 23, 2015","924.35","923.65","924.86","921.05","-","1.14%"
"Jan 22, 2015","913.91","913.36","915.35","907.95","-","0.09%"
"Jan 21, 2015","913.08","914.81","915.16","907.05","-","-0.50%"
"Jan 20, 2015","917.67","903.65","917.67","903.33","-","1.93%"
"Jan 19, 2015","900.29","901.18","903.11","895.77","-","0.56%"
"Jan 16, 2015","895.31","887.31","895.31","881.69","-","-0.75%"
"Jan 15, 2015","902.08","894.05","904.43","891.78","-","1.24%"
"Jan 14, 2015","891.01","897.59","900.01","890.20","-","-1.29%"
"Jan 13, 2015","902.68","896.40","902.68","888.32","-","-0.54%"
"Jan 09, 2015","907.60","910.00","910.54","903.78","-","0.44%"
"Jan 08, 2015","903.61","903.34","908.17","900.59","-","1.24%"
"Jan 07, 2015","892.52","888.96","898.09","888.15","-","-0.05%"
"Jan 06, 2015","893.00","903.54","903.66","893.00","-","-2.87%"
"Jan 05, 2015","919.36","919.83","925.78","910.99","-","-0.67%"
"Dec 30, 2014","925.57","937.34","937.34","925.57","-","-1.34%"
"Dec 29, 2014","938.16","944.60","944.76","928.66","-","-0.27%"
"Dec 26, 2014","940.73","936.97","941.78","936.97","-","0.26%"
"Dec 25, 2014","938.25","938.51","939.71","936.78","-","-0.27%"
"Dec 24, 2014","940.80","942.64","943.57","939.41","-","0.94%"
"Dec 22, 2014","932.07","933.92","935.14","928.54","-","0.31%"
"Dec 19, 2014","929.17","919.82","929.45","919.01","-","2.79%"
"Dec 18, 2014","903.93","907.26","914.92","903.06","-","1.60%"
"Dec 17, 2014","889.68","887.36","896.64","886.51","-","-0.21%"
"Dec 16, 2014","891.52","898.67","899.98","889.79","-","-1.95%"
"Dec 15, 2014","909.28","911.35","917.18","907.29","-","-1.59%"
"Dec 12, 2014","923.96","921.72","933.72","920.20","-","0.17%"
"Dec 11, 2014","922.43","916.52","924.32","909.96","-","-0.82%"
"Dec 10, 2014","930.01","941.49","943.87","924.90","-","-2.17%"
"Dec 09, 2014","950.61","951.74","954.21","948.32","-","-0.83%"
"Dec 08, 2014","958.60","963.27","963.27","955.14","-","0.11%"
"Dec 05, 2014","957.58","953.12","957.62","949.12","-","0.46%"
"Dec 04, 2014","953.23","953.57","954.71","950.49","-","0.84%"
"Dec 03, 2014","945.30","950.09","953.45","943.73","-","0.06%"
"Dec 02, 2014","944.74","936.67","945.94","936.17","-","0.34%"
"Dec 01, 2014","941.55","937.41","945.82","937.15","-","0.72%"
"Nov 28, 2014","934.78","925.99","934.78","925.57","-","1.37%"
"Nov 27, 2014","922.12","927.74","929.70","921.33","-","-1.09%"
"Nov 26, 2014","932.26","932.00","935.18","930.26","-","-0.25%"
"Nov 25, 2014","934.55","935.74","936.42","931.59","-","0.75%"
"Nov 21, 2014","927.56","927.12","928.47","917.09","-","0.07%"
"Nov 20, 2014","926.93","931.64","932.13","925.81","-","0.08%"
"Nov 19, 2014","926.20","928.38","934.11","924.31","-","0.15%"
"Nov 18, 2014","924.83","918.32","925.54","918.22","-","2.03%"
"Nov 17, 2014","906.44","923.70","924.47","904.15","-","-2.27%"
"Nov 14, 2014","927.53","928.59","928.59","917.49","-","0.70%"
"Nov 13, 2014","921.08","912.55","921.61","908.04","-","0.92%"
"Nov 12, 2014","912.68","917.86","924.08","911.93","-","0.20%"
"Nov 11, 2014","910.86","903.92","913.67","902.46","-","1.24%"
"Nov 10, 2014","899.73","897.35","900.95","895.60","-","-0.37%"
"Nov 07, 2014","903.05","906.21","907.16","901.74","-","0.47%"
"Nov 06, 2014","898.83","910.71","913.52","897.08","-","-1.02%"
"Nov 05, 2014","908.08","903.40","909.62","900.92","-","0.07%"
"Nov 04, 2014","907.49","897.71","924.71","897.52","-","3.05%"
"Oct 31, 2014","880.59","850.46","884.42","850.46","-","4.65%"
"Oct 30, 2014","841.48","837.63","844.06","837.11","-","0.76%"
"Oct 29, 2014","835.11","829.57","836.93","827.36","-","1.43%"
"Oct 28, 2014","823.36","823.91","825.71","819.03","-","-0.22%"
"Oct 27, 2014","825.15","824.30","826.96","821.02","-","0.86%"
"Oct 24, 2014","818.09","822.07","824.42","816.27","-","0.87%"
"Oct 23, 2014","811.07","808.78","814.96","805.11","-","-0.33%"
"Oct 22, 2014","813.74","806.85","814.03","804.69","-","2.39%"
"Oct 21, 2014","794.74","809.82","809.82","791.94","-","-1.55%"
"Oct 20, 2014","807.25","791.16","809.50","791.02","-","4.08%"
"Oct 17, 2014","775.57","789.39","790.52","775.57","-","-1.59%"
"Oct 16, 2014","788.07","791.89","792.19","784.51","-","-2.23%"
"Oct 15, 2014","806.01","803.41","807.16","798.65","-","0.69%"
"Oct 14, 2014","800.52","806.11","807.59","798.93","-","-2.42%"
"Oct 10, 2014","820.37","818.06","821.17","815.94","-","-1.34%"
"Oct 09, 2014","831.51","842.38","845.34","830.76","-","-0.88%"
"Oct 08, 2014","838.90","838.17","841.47","834.08","-","-1.26%"
"Oct 07, 2014","849.64","852.16","858.40","848.19","-","-0.23%"
"Oct 06, 2014","851.61","853.67","857.10","849.77","-","1.07%"
"Oct 03, 2014","842.63","839.49","843.84","836.46","-","0.00%"
"Oct 02, 2014","842.62","857.07","857.07","841.34","-","-2.88%"
"Oct 01, 2014","867.65","871.28","874.73","867.61","-","-0.52%"
"Sep 30, 2014","872.18","877.21","877.21","863.88","-","-0.84%"
"Sep 29, 2014","879.60","881.51","881.51","877.56","-","0.38%"
"Sep 26, 2014","876.27","869.81","876.71","869.81","-","-1.16%"
"Sep 25, 2014","886.54","880.19","886.54","879.72","-","1.55%"
"Sep 24, 2014","872.99","871.41","875.11","869.91","-","-0.56%"
"Sep 22, 2014","877.89","879.69","881.17","874.79","-","-0.07%"
"Sep 19, 2014","878.54","873.81","881.51","872.83","-","1.10%"
"Sep 18, 2014","869.01","867.71","871.15","867.14","-","1.12%"
"Sep 17, 2014","859.40","864.02","865.52","859.40","-","-0.43%"
"Sep 16, 2014","863.12","863.35","864.61","861.31","-","-0.26%"
"Sep 12, 2014","865.35","862.79","866.86","861.99","-","0.32%"
"Sep 11, 2014","862.56","862.92","863.86","860.85","-","0.52%"
"Sep 10, 2014","858.07","851.29","858.18","851.12","-","0.59%"
"Sep 09, 2014","853.01","855.85","855.93","852.73","-","0.24%"
"Sep 08, 2014","850.97","850.29","851.12","847.61","-","0.43%"
"Sep 05, 2014","847.36","853.80","853.80","845.88","-","-0.24%"
"Sep 04, 2014","849.43","852.18","852.58","848.62","-","-0.25%"
"Sep 03, 2014","851.60","854.80","855.64","850.62","-","0.45%"
"Sep 02, 2014","847.79","839.37","850.46","838.58","-","1.25%"
"Sep 01, 2014","837.36","835.75","837.48","835.43","-","0.36%"
"Aug 29, 2014","834.37","834.34","837.75","832.57","-","-0.21%"
"Aug 28, 2014","836.12","836.57","836.70","833.01","-","-0.41%"
"Aug 27, 2014","839.53","840.66","844.38","836.08","-","0.03%"
"Aug 26, 2014","839.25","844.07","844.77","838.94","-","-0.50%"
"Aug 25, 2014","843.49","844.54","844.87","841.01","-","0.35%"
"Aug 22, 2014","840.57","846.47","846.99","839.39","-","-0.33%"
"Aug 21, 2014","843.34","838.78","844.55","838.48","-","1.01%"
"Aug 20, 2014","834.87","837.85","838.20","834.13","-","-0.07%"
"Aug 19, 2014","835.43","834.75","836.41","833.31","-","0.79%"
"Aug 18, 2014","828.86","830.49","830.49","826.68","-","-0.08%"
"Aug 15, 2014","829.54","830.03","830.45","827.34","-","-0.03%"
"Aug 14, 2014","829.75","828.29","830.86","827.11","-","0.67%"
"Aug 13, 2014","824.25","819.07","825.52","818.83","-","0.38%"
"Aug 12, 2014","821.16","820.64","824.33","819.68","-","0.41%"
"Aug 11, 2014","817.81","814.24","819.85","810.61","-","1.96%"
"Aug 08, 2014","802.07","814.78","815.35","799.46","-","-2.47%"
"Aug 07, 2014","822.40","819.15","822.40","812.31","-","0.40%"
"Aug 06, 2014","819.11","825.97","825.97","817.00","-","-1.10%"
"Aug 05, 2014","828.22","837.88","837.98","827.47","-","-0.93%"
"Aug 04, 2014","836.01","836.80","839.77","834.51","-","-0.58%"
"Aug 01, 2014","840.90","840.41","844.32","839.31","-","-0.63%"
"Jul 31, 2014","846.19","853.69","854.77","846.10","-","-0.28%"
"Jul 30, 2014","848.57","847.85","849.18","845.95","-","0.13%"
"Jul 29, 2014","847.43","845.96","848.55","845.50","-","0.34%"
"Jul 28, 2014","844.54","839.69","846.03","839.69","-","0.39%"
"Jul 25, 2014","841.25","836.43","841.25","836.43","-","0.80%"
"Jul 24, 2014","834.56","836.66","838.64","831.67","-","-0.20%"
"Jul 23, 2014","836.27","838.46","839.30","835.07","-","-0.08%"
"Jul 22, 2014","836.98","835.00","838.94","834.84","-","0.64%"
"Jul 18, 2014","831.66","828.11","831.68","825.20","-","-0.75%"
"Jul 17, 2014","837.92","840.50","842.90","836.36","-","-0.01%"
"Jul 16, 2014","837.98","837.55","841.16","836.16","-","0.00%"
"Jul 15, 2014","837.94","836.19","841.88","836.12","-","0.71%"
"Jul 14, 2014","832.02","826.67","833.33","825.79","-","0.80%"
"Jul 11, 2014","825.43","821.78","826.47","820.76","-","-0.37%"
"Jul 10, 2014","828.50","836.55","837.05","828.11","-","-0.92%"
"Jul 09, 2014","836.22","831.16","836.67","830.46","-","-0.27%"
"Jul 08, 2014","838.47","837.56","841.90","833.51","-","-0.43%"
"Jul 07, 2014","842.06","844.84","846.93","842.06","-","-0.45%"
"Jul 04, 2014","845.83","848.56","848.56","844.67","-","0.50%"
"Jul 03, 2014","841.60","846.25","846.25","839.74","-","-0.24%"
"Jul 02, 2014","843.61","845.05","846.37","842.41","-","0.41%"
"Jul 01, 2014","840.18","832.54","842.77","830.83","-","1.14%"
"Jun 30, 2014","830.73","829.51","830.78","823.43","-","0.43%"
"Jun 27, 2014","827.21","832.54","833.17","821.72","-","-0.74%"
"Jun 26, 2014","833.34","834.04","835.75","832.20","-","0.17%"
"Jun 25, 2014","831.89","833.72","836.35","831.89","-","-0.60%"
"Jun 24, 2014","836.93","833.86","839.48","830.63","-","-0.12%"
"Jun 23, 2014","837.94","842.14","842.94","836.56","-","-0.32%"
"Jun 20, 2014","840.63","841.79","843.94","837.96","-","0.10%"
"Jun 19, 2014","839.83","826.00","841.10","825.92","-","1.81%"
"Jun 18, 2014","824.90","819.40","825.75","818.42","-","0.90%"
"Jun 17, 2014","817.52","818.14","821.19","816.55","-","0.11%"
"Jun 16, 2014","816.65","821.36","821.59","813.85","-","-0.78%"
"Jun 13, 2014","823.09","812.07","824.29","812.07","-","0.48%"
"Jun 12, 2014","819.19","813.93","819.60","811.08","-","-0.08%"
"Jun 11, 2014","819.83","813.89","819.83","813.82","-","0.86%"
"Jun 10, 2014","812.81","818.04","821.06","811.01","-","-0.47%"
"Jun 09, 2014","816.65","822.72","822.86","816.51","-","-0.01%"
"Jun 06, 2014","816.75","819.76","820.64","815.43","-","0.06%"
"Jun 05, 2014","816.26","818.69","820.22","814.09","-","-0.13%"
"Jun 04, 2014","817.33","815.53","817.33","812.64","-","0.55%"
"Jun 03, 2014","812.84","814.66","815.47","812.10","-","0.74%"
"Jun 02, 2014","806.90","800.90","808.56","800.90","-","1.54%"
"May 30, 2014","794.69","795.79","797.28","792.01","-","0.14%"
"May 29, 2014","793.61","788.36","795.75","788.36","-","0.20%"
"May 28, 2014","792.03","792.95","794.48","790.52","-","0.10%"
"May 27, 2014","791.23","790.25","797.99","790.06","-","0.05%"
"May 26, 2014","790.87","789.26","790.99","787.79","-","1.18%"
"May 23, 2014","781.66","778.50","786.27","778.50","-","1.03%"
"May 22, 2014","773.71","767.12","776.57","765.01","-","1.66%"
"May 21, 2014","761.04","758.16","762.51","757.16","-","-0.35%"
"May 20, 2014","763.71","765.86","768.08","762.34","-","0.21%"
"May 19, 2014","762.11","767.64","768.98","761.39","-","-0.78%"
"May 16, 2014","768.09","770.46","770.46","763.16","-","-1.76%"
"May 15, 2014","781.82","778.84","781.82","772.54","-","-0.47%"
"May 14, 2014","785.48","781.72","785.48","780.44","-","0.36%"
"May 13, 2014","782.67","778.80","783.95","778.43","-","1.98%"
"May 12, 2014","767.44","770.60","773.51","767.44","-","-0.55%"
"May 09, 2014","771.69","764.11","775.04","764.11","-","0.54%"
"May 08, 2014","767.51","766.07","772.31","764.27","-","0.79%"
"May 07, 2014","761.46","773.92","774.07","761.46","-","-2.56%"
"May 02, 2014","781.43","779.52","781.45","777.16","-","0.13%"
"May 01, 2014","780.39","770.99","780.84","770.99","-","1.72%"
"Apr 30, 2014","767.18","771.22","772.74","766.07","-","0.34%"
"Apr 28, 2014","764.56","763.74","765.48","761.10","-","-0.77%"
"Apr 25, 2014","770.47","766.44","776.16","764.26","-","0.30%"
"Apr 24, 2014","768.15","775.66","776.09","765.93","-","-0.96%"
"Apr 23, 2014","775.60","773.45","775.64","771.32","-","0.90%"
"Apr 22, 2014","768.69","776.82","778.48","768.69","-","-0.67%"
"Apr 21, 2014","773.86","777.11","781.23","772.70","-","-0.21%"
"Apr 18, 2014","775.48","775.24","775.57","771.48","-","0.49%"
"Apr 17, 2014","771.68","772.24","776.29","768.12","-","-0.04%"
"Apr 16, 2014","772.02","758.74","772.02","758.39","-","2.67%"
"Apr 15, 2014","751.94","756.32","757.34","750.47","-","0.41%"
"Apr 14, 2014","748.89","744.83","756.52","744.83","-","0.03%"
"Apr 11, 2014","748.68","744.55","753.42","739.96","-","-1.39%"
"Apr 10, 2014","759.23","769.14","770.29","757.13","-","-0.16%"
"Apr 09, 2014","760.47","766.76","769.39","756.83","-","-2.07%"
"Apr 08, 2014","776.57","785.17","785.32","775.97","-","-1.93%"
"Apr 07, 2014","791.89","797.07","797.79","789.67","-","-1.68%"
"Apr 04, 2014","805.45","803.52","807.75","803.47","-","-0.10%"
"Apr 03, 2014","806.27","805.12","810.71","803.53","-","0.54%"
"Apr 02, 2014","801.90","801.22","809.65","801.00","-","0.69%"
"Apr 01, 2014","796.44","799.08","799.08","792.69","-","0.17%"
"Mar 31, 2014","795.12","791.99","796.42","787.05","-","1.51%"
"Mar 28, 2014","783.29","776.49","783.84","771.59","-","0.78%"
"Mar 27, 2014","777.19","765.81","778.84","758.91","-","0.20%"
"Mar 26, 2014","775.61","774.33","777.88","770.10","-","0.79%"
"Mar 25, 2014","769.54","764.81","773.39","759.19","-","0.10%"
"Mar 24, 2014","768.77","763.66","774.25","762.91","-","1.07%"
"Mar 20, 2014","760.65","774.89","776.38","759.93","-","-1.40%"
"Mar 19, 2014","771.48","775.98","783.49","766.81","-","-0.06%"
"Mar 18, 2014","771.95","778.33","780.16","771.76","-","0.61%"
"Mar 17, 2014","767.28","768.40","772.11","761.71","-","-0.67%"
"Mar 14, 2014","772.48","782.73","783.50","770.90","-","-3.17%"
"Mar 13, 2014","797.80","799.83","802.74","796.77","-","-0.39%"
"Mar 12, 2014","800.92","807.69","808.51","800.10","-","-2.13%"
"Mar 11, 2014","818.34","816.65","820.86","814.02","-","0.51%"
"Mar 10, 2014","814.19","817.88","820.48","811.30","-","-0.92%"
"Mar 07, 2014","821.73","824.61","825.68","816.66","-","0.62%"
"Mar 06, 2014","816.69","806.87","819.17","805.55","-","1.44%"
"Mar 05, 2014","805.12","808.76","812.06","805.12","-","0.75%"
"Mar 04, 2014","799.11","788.81","802.97","788.49","-","0.56%"
"Mar 03, 2014","794.65","794.92","795.31","782.95","-","-1.15%"
"Feb 28, 2014","803.92","807.70","808.08","798.32","-","-0.51%"
"Feb 27, 2014","808.07","811.14","813.59","805.91","-","-0.65%"
"Feb 26, 2014","813.34","812.37","818.52","812.03","-","-0.62%"
"Feb 25, 2014","818.38","815.27","819.34","813.51","-","1.14%"
"Feb 24, 2014","809.16","811.59","819.53","800.40","-","-0.35%"
"Feb 21, 2014","812.03","804.04","812.85","804.04","-","2.17%"
"Feb 20, 2014","794.75","806.50","808.85","793.15","-","-1.95%"
"Feb 19, 2014","810.56","810.87","812.68","807.34","-","-0.47%"
"Feb 18, 2014","814.36","795.75","816.04","795.14","-","2.98%"
"Feb 17, 2014","790.83","788.48","791.76","779.63","-","0.50%"
"Feb 14, 2014","786.93","798.69","804.88","780.69","-","-1.28%"
"Feb 13, 2014","797.12","811.36","811.50","794.89","-","-1.68%"
"Feb 12, 2014","810.70","809.15","814.79","808.62","-","1.22%"
"Feb 10, 2014","800.89","801.91","801.91","794.25","-","1.24%"
"Feb 07, 2014","791.08","785.14","791.31","783.21","-","2.39%"
"Feb 06, 2014","772.59","777.75","779.69","772.08","-","-0.28%"
"Feb 05, 2014","774.74","769.26","777.83","765.31","-","2.32%"
"Feb 04, 2014","757.19","776.99","777.42","757.19","-","-4.39%"
"Feb 03, 2014","791.95","803.84","807.30","791.77","-","-2.04%"
"Jan 31, 2014","808.43","818.22","819.00","803.28","-","-0.34%"
"Jan 30, 2014","811.16","818.76","818.76","806.54","-","-2.57%"
"Jan 29, 2014","832.53","822.82","832.80","822.04","-","2.34%"
"Jan 28, 2014","813.48","820.41","821.82","813.48","-","-0.45%"
"Jan 27, 2014","817.18","823.91","825.06","814.94","-","-2.77%"
"Jan 24, 2014","840.47","845.76","846.01","836.41","-","-1.91%"
"Jan 23, 2014","856.82","868.04","870.00","856.82","-","-0.85%"
"Jan 22, 2014","864.17","860.61","866.95","856.07","-","0.30%"
"Jan 21, 2014","861.56","861.73","867.55","861.28","-","0.15%"
"Jan 20, 2014","860.27","863.74","863.74","856.91","-","-0.28%"
"Jan 17, 2014","862.68","861.43","864.31","858.28","-","0.01%"
"Jan 16, 2014","862.59","866.49","872.29","862.15","-","-0.00%"
"Jan 15, 2014","862.63","856.96","862.63","856.15","-","1.99%"
"Jan 14, 2014","845.81","852.73","852.99","843.40","-","-2.32%"
"Jan 10, 2014","865.88","860.08","866.42","858.61","-","0.07%"
"Jan 09, 2014","865.31","870.14","870.68","861.97","-","-0.84%"
"Jan 08, 2014","872.62","863.31","872.62","861.28","-","1.76%"
"Jan 07, 2014","857.54","859.99","863.77","856.31","-","-0.67%"
"Jan 06, 2014","863.35","868.28","870.23","857.85","-","-0.99%"
"Dec 30, 2013","871.94","869.95","872.14","867.55","-","0.89%"
"Dec 27, 2013","864.24","862.33","864.43","856.07","-","0.68%"
"Dec 26, 2013","858.39","848.65","860.01","848.57","-","1.59%"
"Dec 25, 2013","844.99","842.03","844.99","840.82","-","0.07%"
"Dec 24, 2013","844.39","849.14","851.09","842.28","-","-0.24%"
"Dec 20, 2013","846.39","845.82","846.39","842.17","-","-0.15%"
"Dec 19, 2013","847.67","847.60","850.50","845.19","-","1.21%"
"Dec 18, 2013","837.50","822.47","837.50","822.47","-","1.72%"
"Dec 17, 2013","823.30","824.26","825.80","820.68","-","0.66%"
"Dec 16, 2013","817.91","826.72","826.72","817.12","-","-1.24%"
"Dec 13, 2013","828.21","829.23","835.35","822.92","-","-0.21%"
"Dec 12, 2013","829.93","829.77","831.13","825.62","-","-0.61%"
"Dec 11, 2013","835.04","835.48","837.04","829.73","-","-0.44%"
"Dec 10, 2013","838.69","838.29","839.55","835.85","-","0.05%"
"Dec 09, 2013","838.23","836.54","838.95","834.71","-","1.60%"
"Dec 06, 2013","825.06","819.50","826.15","818.24","-","0.55%"
"Dec 05, 2013","820.53","826.22","830.62","819.34","-","-0.88%"
"Dec 04, 2013","827.83","834.65","837.30","827.12","-","-1.83%"
"Dec 03, 2013","843.24","844.16","845.88","839.62","-","0.34%"
"Dec 02, 2013","840.35","842.52","844.88","837.92","-","-0.11%"
"Nov 29, 2013","841.26","841.02","842.41","834.36","-","-0.25%"
"Nov 28, 2013","843.40","841.41","843.40","838.67","-","1.24%"
"Nov 27, 2013","833.11","833.39","837.26","832.31","-","-0.42%"
"Nov 26, 2013","836.66","837.94","839.86","835.65","-","-0.62%"
"Nov 25, 2013","841.89","839.20","841.89","837.46","-","0.96%"
"Nov 22, 2013","833.88","839.00","840.56","829.85","-","0.30%"
"Nov 21, 2013","831.42","825.06","831.78","824.46","-","1.11%"
"Nov 20, 2013","822.30","827.67","828.84","820.74","-","-0.35%"
"Nov 19, 2013","825.20","826.22","827.86","822.27","-","-0.48%"
"Nov 18, 2013","829.14","831.94","833.42","826.26","-","0.31%"
"Nov 15, 2013","826.59","819.40","828.09","819.21","-","1.76%"
"Nov 14, 2013","812.32","807.16","815.58","805.80","-","1.21%"
"Nov 13, 2013","802.62","802.71","805.98","799.43","-","-0.08%"
"Nov 12, 2013","803.24","790.74","803.24","790.37","-","1.69%"
"Nov 11, 2013","789.88","792.04","792.69","786.43","-","0.97%"
"Nov 08, 2013","782.28","779.29","783.71","779.29","-","-0.78%"
"Nov 07, 2013","788.44","793.74","793.75","787.72","-","-0.58%"
"Nov 06, 2013","793.03","784.96","797.02","783.67","-","0.76%"
"Nov 05, 2013","787.07","793.57","793.71","783.38","-","-0.06%"
"Nov 01, 2013","787.52","798.09","798.20","784.16","-","-0.67%"
"Oct 31, 2013","792.82","799.79","801.61","792.82","-","-0.88%"
"Oct 30, 2013","799.89","798.44","802.01","797.14","-","1.02%"
"Oct 29, 2013","791.82","790.16","795.56","788.40","-","-0.41%"
"Oct 28, 2013","795.06","789.41","795.59","786.37","-","1.81%"
"Oct 25, 2013","780.94","796.97","796.97","780.94","-","-2.22%"
"Oct 24, 2013","798.67","791.00","799.23","787.97","-","0.50%"
"Oct 23, 2013","794.66","810.71","812.50","794.59","-","-1.50%"
"Oct 22, 2013","806.76","805.89","807.61","804.25","-","0.27%"
"Oct 21, 2013","804.59","804.22","807.89","801.75","-","0.48%"
"Oct 18, 2013","800.72","803.48","804.03","798.07","-","-0.20%"
"Oct 17, 2013","802.29","805.34","807.29","797.89","-","0.72%"
"Oct 16, 2013","796.52","797.21","799.16","794.21","-","-0.05%"
"Oct 15, 2013","796.93","802.38","802.49","795.55","-","-0.03%"
"Oct 11, 2013","797.18","796.08","800.33","793.76","-","1.50%"
"Oct 10, 2013","785.42","778.79","785.42","777.18","-","1.02%"
"Oct 09, 2013","777.47","760.61","777.47","757.96","-","1.51%"
"Oct 08, 2013","765.89","762.82","768.02","759.41","-","0.07%"
"Oct 07, 2013","765.37","775.67","777.74","764.97","-","-1.19%"
"Oct 04, 2013","774.61","774.62","780.27","770.26","-","-0.90%"
"Oct 03, 2013","781.67","781.55","785.72","778.79","-","0.07%"
"Oct 02, 2013","781.14","792.91","797.04","778.50","-","-1.39%"
"Oct 01, 2013","792.17","794.93","799.79","792.17","-","0.04%"
"Sep 30, 2013","791.84","797.82","800.07","791.76","-","-2.21%"
"Sep 27, 2013","809.76","813.77","814.41","808.35","-","-0.37%"
"Sep 26, 2013","812.75","801.07","812.75","794.71","-","0.55%"
"Sep 25, 2013","808.33","808.11","809.96","805.68","-","-0.12%"
"Sep 24, 2013","809.30","805.31","811.56","804.16","-","-0.43%"
"Sep 20, 2013","812.78","813.85","815.00","810.55","-","0.33%"
"Sep 19, 2013","810.10","804.27","810.10","799.66","-","1.82%"
"Sep 18, 2013","795.61","791.58","801.04","789.74","-","1.12%"
"Sep 17, 2013","786.76","793.82","794.17","786.76","-","-0.53%"
"Sep 13, 2013","790.94","788.01","795.18","784.03","-","-0.03%"
"Sep 12, 2013","791.21","793.64","794.44","787.73","-","-0.44%"
"Sep 11, 2013","794.69","802.38","802.38","792.94","-","-0.13%"
"Sep 10, 2013","795.71","791.12","797.55","790.43","-","1.40%"
"Sep 09, 2013","784.71","785.11","790.22","781.19","-","1.91%"
"Sep 06, 2013","770.03","778.55","779.27","766.73","-","-0.77%"
"Sep 05, 2013","776.02","778.97","779.71","771.55","-","0.25%"
"Sep 04, 2013","774.07","763.82","774.27","762.82","-","0.70%"
"Sep 03, 2013","768.69","757.67","768.90","756.92","-","2.98%"
"Sep 02, 2013","746.45","741.86","748.62","740.72","-","1.00%"
"Aug 30, 2013","739.05","751.61","754.36","738.19","-","-0.90%"
"Aug 29, 2013","745.78","744.21","746.78","742.56","-","0.23%"
"Aug 28, 2013","744.04","743.65","747.17","736.98","-","-1.72%"
"Aug 27, 2013","757.05","756.84","763.46","755.49","-","-0.50%"
"Aug 26, 2013","760.88","764.56","766.70","758.25","-","-0.14%"
"Aug 23, 2013","761.93","757.32","767.79","756.88","-","2.17%"
"Aug 22, 2013","745.78","743.57","751.14","741.29","-","-0.24%"
"Aug 21, 2013","747.60","748.82","752.13","741.10","-","-0.22%"
"Aug 20, 2013","749.23","760.22","766.14","749.23","-","-2.21%"
"Aug 19, 2013","766.13","762.27","766.13","758.93","-","0.50%"
"Aug 16, 2013","762.30","758.17","766.32","757.58","-","-0.93%"
"Aug 15, 2013","769.43","772.67","778.90","767.37","-","-1.67%"
"Aug 14, 2013","782.49","778.64","782.49","769.88","-","1.23%"
"Aug 13, 2013","772.95","766.51","773.34","765.65","-","1.93%"
"Aug 12, 2013","758.30","756.07","763.53","754.42","-","-0.47%"
"Aug 09, 2013","761.86","765.84","769.62","758.83","-","0.16%"
"Aug 08, 2013","760.61","766.58","779.15","757.97","-","-1.31%"
"Aug 07, 2013","770.71","784.45","785.23","770.71","-","-3.36%"
"Aug 06, 2013","797.49","789.96","797.49","781.23","-","0.69%"
"Aug 05, 2013","791.99","794.38","795.39","789.45","-","-1.01%"
"Aug 02, 2013","800.11","788.79","800.11","787.18","-","2.77%"
"Aug 01, 2013","778.55","758.90","778.55","758.40","-","3.00%"
"Jul 31, 2013","755.86","761.17","767.87","755.86","-","-1.26%"
"Jul 30, 2013","765.48","755.11","769.62","753.63","-","1.44%"
"Jul 29, 2013","754.58","766.31","767.74","754.29","-","-3.17%"
"Jul 26, 2013","779.29","792.85","794.32","777.18","-","-3.20%"
"Jul 25, 2013","805.03","819.13","819.13","803.55","-","-1.63%"
"Jul 24, 2013","818.40","818.45","819.57","814.42","-","-0.20%"
"Jul 23, 2013","820.02","810.27","821.49","810.16","-","0.64%"
"Jul 22, 2013","814.78","819.62","819.74","808.70","-","0.24%"
"Jul 19, 2013","812.79","823.77","825.18","802.48","-","-0.66%"
"Jul 18, 2013","818.22","814.87","819.30","813.89","-","0.67%"
"Jul 17, 2013","812.80","805.65","812.80","805.39","-","0.23%"
"Jul 16, 2013","810.96","810.93","812.10","807.83","-","0.70%"
"Jul 12, 2013","805.36","800.88","807.75","800.02","-","0.61%"
"Jul 11, 2013","800.46","793.27","802.34","791.25","-","-0.09%"
"Jul 10, 2013","801.16","802.87","806.59","794.77","-","-0.11%"
"Jul 09, 2013","802.03","796.13","802.09","792.68","-","2.24%"
"Jul 08, 2013","784.48","805.47","805.49","784.48","-","-1.49%"
"Jul 05, 2013","796.31","791.00","796.31","789.29","-","1.60%"
"Jul 04, 2013","783.79","782.61","787.25","781.76","-","-0.38%"
"Jul 03, 2013","786.77","787.56","788.44","782.05","-","0.22%"
"Jul 02, 2013","785.04","779.36","785.04","775.86","-","1.82%"
"Jul 01, 2013","771.03","766.05","771.25","758.02","-","1.52%"
"Jun 28, 2013","759.50","747.32","764.74","746.13","-","3.02%"
"Jun 27, 2013","737.23","725.50","737.23","720.77","-","2.78%"
"Jun 26, 2013","717.31","730.11","732.17","716.54","-","-0.43%"
"Jun 25, 2013","720.38","726.69","733.75","711.64","-","-1.02%"
"Jun 24, 2013","727.80","744.74","745.30","725.72","-","-1.18%"
"Jun 21, 2013","736.48","717.01","739.61","709.43","-","0.80%"
"Jun 20, 2013","730.60","734.84","739.31","728.08","-","-1.37%"
"Jun 19, 2013","740.78","738.62","743.11","733.61","-","2.04%"
"Jun 18, 2013","725.99","725.96","731.23","720.43","-","0.28%"
"Jun 17, 2013","723.96","704.17","724.32","702.68","-","2.29%"
"Jun 14, 2013","707.78","713.12","722.52","707.07","-","1.14%"
"Jun 13, 2013","699.83","722.37","723.15","696.50","-","-4.81%"
"Jun 12, 2013","735.21","727.62","739.41","720.17","-","-0.59%"
"Jun 11, 2013","739.58","745.83","752.27","735.63","-","-0.84%"
"Jun 10, 2013","745.87","723.99","745.87","723.99","-","5.07%"
"Jun 07, 2013","709.89","708.10","724.67","694.35","-","-1.27%"
"Jun 06, 2013","718.99","718.93","736.68","716.71","-","-1.28%"
"Jun 05, 2013","728.28","752.44","760.21","727.66","-","-3.31%"
"Jun 04, 2013","753.24","726.62","756.72","719.03","-","2.95%"
"Jun 03, 2013","731.67","749.01","750.37","729.67","-","-3.51%"
"May 31, 2013","758.31","770.17","773.27","757.49","-","-0.10%"
"May 30, 2013","759.08","774.47","780.06","755.57","-","-3.60%"
"May 29, 2013","787.43","796.47","800.64","784.31","-","0.48%"
"May 28, 2013","783.65","762.25","789.00","762.25","-","1.61%"
"May 27, 2013","771.21","786.71","786.83","771.21","-","-3.47%"
"May 24, 2013","798.90","811.63","825.44","767.16","-","0.06%"
"May 23, 2013","798.40","858.14","866.14","798.40","-","-6.57%"
"May 22, 2013","854.58","854.10","861.12","853.54","-","0.63%"
"May 21, 2013","849.20","847.61","851.89","846.92","-","-0.13%"
"May 20, 2013","850.27","848.91","853.22","847.05","-","1.23%"
"May 17, 2013","839.95","831.81","841.92","830.63","-","0.32%"
"May 16, 2013","837.24","844.84","847.13","829.96","-","-0.61%"
"May 15, 2013","842.36","833.42","845.51","833.07","-","2.54%"
"May 14, 2013","821.48","828.33","829.09","821.23","-","-0.39%"
"May 13, 2013","824.67","815.24","828.61","814.68","-","2.33%"
"May 10, 2013","805.89","798.47","807.10","797.36","-","2.65%"
"May 09, 2013","785.11","797.46","798.77","785.11","-","-1.03%"
"May 08, 2013","793.28","790.48","799.00","789.67","-","0.54%"
"May 07, 2013","789.00","780.20","789.98","779.45","-","3.00%"
"May 02, 2013","766.00","765.63","768.85","761.80","-","-0.50%"
"May 01, 2013","769.83","774.65","774.71","768.71","-","-0.69%"
"Apr 30, 2013","775.20","776.81","778.81","773.77","-","-0.01%"
"Apr 26, 2013","775.31","785.02","785.28","774.72","-","-0.83%"
"Apr 25, 2013","781.82","778.10","783.20","774.77","-","0.81%"
"Apr 24, 2013","775.55","770.74","775.55","767.37","-","1.73%"
"Apr 23, 2013","762.38","765.42","767.21","761.05","-","-0.51%"
"Apr 22, 2013","766.30","768.50","773.85","765.36","-","1.38%"
"Apr 19, 2013","755.84","756.07","758.10","747.64","-","0.21%"
"Apr 18, 2013","754.28","756.95","764.64","754.28","-","-1.23%"
"Apr 17, 2013","763.70","760.34","764.67","757.88","-","1.44%"
"Apr 16, 2013","752.87","750.26","758.93","744.06","-","-1.60%"
"Apr 15, 2013","765.15","768.24","774.49","762.12","-","-1.57%"
"Apr 12, 2013","777.39","776.53","777.96","769.81","-","0.14%"
"Apr 11, 2013","776.30","764.41","776.30","764.27","-","3.09%"
"Apr 10, 2013","753.03","737.78","754.74","737.78","-","2.02%"
"Apr 09, 2013","738.09","744.33","745.69","733.91","-","0.04%"
"Apr 08, 2013","737.77","726.98","737.81","726.78","-","3.33%"
"Apr 05, 2013","713.99","706.53","731.17","705.71","-","2.99%"
"Apr 04, 2013","693.29","665.29","693.40","660.86","-","2.92%"
"Apr 03, 2013","673.62","665.64","673.62","662.73","-","1.81%"
"Apr 02, 2013","661.66","660.12","666.51","648.52","-","-0.87%"
"Apr 01, 2013","667.49","685.60","686.59","667.33","-","-2.94%"
"Mar 29, 2013","687.74","692.05","692.45","684.62","-","-0.40%"
"Mar 28, 2013","690.48","696.47","696.64","685.54","-","-1.04%"
"Mar 27, 2013","697.77","696.98","698.41","695.97","-","0.14%"
"Mar 26, 2013","696.81","695.56","700.54","695.56","-","-0.42%"
"Mar 25, 2013","699.73","701.79","702.96","698.32","-","0.94%"
"Mar 22, 2013","693.24","700.87","701.92","693.24","-","-1.94%"
"Mar 21, 2013","706.93","707.18","710.38","705.89","-","1.04%"
"Mar 19, 2013","699.63","696.76","701.33","696.12","-","1.70%"
"Mar 18, 2013","687.91","696.32","696.83","687.91","-","-2.57%"
"Mar 15, 2013","706.07","702.01","707.14","700.05","-","1.13%"
"Mar 14, 2013","698.17","698.63","699.66","691.32","-","0.57%"
"Mar 13, 2013","694.22","694.76","699.95","693.73","-","-0.50%"
"Mar 12, 2013","697.72","705.44","708.34","697.72","-","-0.23%"
"Mar 11, 2013","699.31","692.19","701.44","690.73","-","2.18%"
"Mar 08, 2013","684.36","676.05","685.19","675.98","-","1.79%"
"Mar 07, 2013","672.31","676.04","678.18","670.93","-","0.15%"
"Mar 06, 2013","671.30","668.75","671.30","665.84","-","1.52%"
"Mar 05, 2013","661.25","668.73","669.81","660.49","-","-0.48%"
"Mar 04, 2013","664.47","664.77","671.54","662.88","-","0.70%"
"Mar 01, 2013","659.88","650.63","660.80","650.63","-","0.96%"
"Feb 28, 2013","653.60","645.75","653.65","645.75","-","2.44%"
"Feb 27, 2013","638.03","650.13","650.26","638.03","-","-1.74%"
"Feb 26, 2013","649.34","648.44","656.37","646.33","-","-1.53%"
"Feb 25, 2013","659.43","657.18","659.97","655.82","-","1.89%"
"Feb 22, 2013","647.19","641.15","647.80","636.87","-","-0.02%"
"Feb 21, 2013","647.32","652.77","654.93","645.50","-","-1.46%"
"Feb 20, 2013","656.91","657.82","659.55","655.02","-","0.95%"
"Feb 19, 2013","650.75","647.83","653.27","647.83","-","-0.05%"
"Feb 18, 2013","651.07","645.62","653.04","645.32","-","2.12%"
"Feb 15, 2013","637.57","641.82","642.31","628.59","-","-1.38%"
"Feb 14, 2013","646.46","650.17","652.05","643.19","-","-0.30%"
"Feb 13, 2013","648.40","653.42","656.04","644.95","-","-1.01%"
"Feb 12, 2013","654.99","656.21","661.84","654.99","-","1.38%"
"Feb 08, 2013","646.09","648.60","652.67","645.23","-","-1.24%"
"Feb 07, 2013","654.22","653.70","658.98","649.69","-","-0.12%"
"Feb 06, 2013","654.98","643.93","657.79","643.82","-","3.40%"
"Feb 05, 2013","633.42","636.51","642.72","633.42","-","-1.77%"
"Feb 04, 2013","644.81","638.38","645.66","636.81","-","1.70%"
"Feb 01, 2013","634.05","636.96","638.85","633.10","-","0.25%"
"Jan 31, 2013","632.50","628.73","634.08","626.02","-","0.70%"
"Jan 30, 2013","628.12","620.77","628.36","619.90","-","1.48%"
"Jan 29, 2013","618.96","610.19","621.54","610.19","-","1.11%"
"Jan 28, 2013","612.18","618.91","618.91","612.18","-","-0.35%"
"Jan 25, 2013","614.35","609.10","614.35","608.99","-","2.31%"
"Jan 24, 2013","600.47","589.16","600.74","589.16","-","1.19%"
"Jan 23, 2013","593.41","596.05","601.14","593.41","-","-1.60%"
"Jan 22, 2013","603.06","606.39","611.23","597.87","-","-0.41%"
"Jan 21, 2013","605.56","612.51","612.51","604.74","-","-0.91%"
"Jan 18, 2013","611.15","605.80","611.15","605.68","-","2.50%"
"Jan 17, 2013","596.25","597.68","599.25","586.50","-","0.54%"
"Jan 16, 2013","593.02","603.58","603.58","592.27","-","-2.26%"
"Jan 15, 2013","606.72","608.13","609.92","604.84","-","0.90%"
"Jan 11, 2013","601.32","602.73","604.18","599.21","-","1.17%"
"Jan 10, 2013","594.39","591.65","596.89","590.88","-","1.25%"
"Jan 09, 2013","587.05","576.06","589.42","575.08","-","0.81%"
"Jan 08, 2013","582.32","586.68","588.72","579.66","-","-1.20%"
"Jan 07, 2013","589.42","599.53","599.53","588.17","-","-0.97%"
"Jan 04, 2013","595.19","586.16","595.54","586.16","-","3.56%"